project_name,commitOneSha,commitTwoSha,tool,behavior_change,failed_test_cases,local_test_suite,class_under-analysis,method_under_analysis
commons-lang,2c454a4ce3fe771098746879b166ede2284b94f4,687b2e62b7c6e81cd9d5c872b7fa9cc8fd3f1509,differential-evosuite,False,set(),/local/tmp.11144378/study-execution/nimrod-hunoroutput-test-dest/commons-lang/2c454a4ce3fe771098746879b166ede2284b94f4/evosuite_5,org.apache.commons.lang3.math.NumberUtils,createNumber(String)Number
commons-lang,2c454a4ce3fe771098746879b166ede2284b94f4,687b2e62b7c6e81cd9d5c872b7fa9cc8fd3f1509,evosuite,False,set(),/local/tmp.11144378/study-execution/nimrod-hunoroutput-test-dest/commons-lang/2c454a4ce3fe771098746879b166ede2284b94f4/evosuite_6,org.apache.commons.lang3.math.NumberUtils,createNumber(String)Number
commons-lang,2c454a4ce3fe771098746879b166ede2284b94f4,687b2e62b7c6e81cd9d5c872b7fa9cc8fd3f1509,randoop,False,set(),/local/tmp.11144378/study-execution/nimrod-hunoroutput-test-dest/commons-lang/2c454a4ce3fe771098746879b166ede2284b94f4/randoop_3,org.apache.commons.lang3.math.NumberUtils,createNumber(String)Number
commons-lang,1f001d06a2bde5ee4e3204ab38c4b1db8e95db0b,2c9c8753165dc7ce5dd1d5a6d741b445b33302c2,differential-evosuite,False,set(),/local/tmp.11144378/study-execution/nimrod-hunoroutput-test-dest/commons-lang/1f001d06a2bde5ee4e3204ab38c4b1db8e95db0b/evosuite_1,org.apache.commons.lang3.math.NumberUtils,createNumber(String)Number
commons-lang,1f001d06a2bde5ee4e3204ab38c4b1db8e95db0b,2c9c8753165dc7ce5dd1d5a6d741b445b33302c2,evosuite,False,set(),/local/tmp.11144378/study-execution/nimrod-hunoroutput-test-dest/commons-lang/1f001d06a2bde5ee4e3204ab38c4b1db8e95db0b/evosuite_2,org.apache.commons.lang3.math.NumberUtils,createNumber(String)Number
commons-lang,1f001d06a2bde5ee4e3204ab38c4b1db8e95db0b,2c9c8753165dc7ce5dd1d5a6d741b445b33302c2,randoop,False,set(),/local/tmp.11144378/study-execution/nimrod-hunoroutput-test-dest/commons-lang/1f001d06a2bde5ee4e3204ab38c4b1db8e95db0b/randoop_1,org.apache.commons.lang3.math.NumberUtils,createNumber(String)Number
commons-lang,4ddbd99c5805781bd3c2287ab7920fecc23dab53,fb47b96ab635d7cc6e9edefdddc46f1baf63b117,differential-evosuite,False,set(),/local/tmp.11144378/study-execution/nimrod-hunoroutput-test-dest/commons-lang/4ddbd99c5805781bd3c2287ab7920fecc23dab53/evosuite_1,org.apache.commons.lang3.text.translate.LookupTranslator,LookupTranslator(CharSequence[])
commons-lang,4ddbd99c5805781bd3c2287ab7920fecc23dab53,fb47b96ab635d7cc6e9edefdddc46f1baf63b117,evosuite,True,{'LookupTranslator_ESTest#test05'},/local/tmp.11144378/study-execution/nimrod-hunoroutput-test-dest/commons-lang/4ddbd99c5805781bd3c2287ab7920fecc23dab53/evosuite_2,org.apache.commons.lang3.text.translate.LookupTranslator,LookupTranslator(CharSequence[])
commons-lang,4ddbd99c5805781bd3c2287ab7920fecc23dab53,fb47b96ab635d7cc6e9edefdddc46f1baf63b117,randoop,False,set(),/local/tmp.11144378/study-execution/nimrod-hunoroutput-test-dest/commons-lang/4ddbd99c5805781bd3c2287ab7920fecc23dab53/randoop_1,org.apache.commons.lang3.text.translate.LookupTranslator,LookupTranslator(CharSequence[])
commons-lang,4ddbd99c5805781bd3c2287ab7920fecc23dab53,fb47b96ab635d7cc6e9edefdddc46f1baf63b117,differential-evosuite,True,{'LookupTranslator_ESTest#test0'},/local/tmp.11144378/study-execution/nimrod-hunoroutput-test-dest/commons-lang/4ddbd99c5805781bd3c2287ab7920fecc23dab53/evosuite_3,org.apache.commons.lang3.text.translate.LookupTranslator,translate(CharSequence| int| Writer)int
commons-lang,4ddbd99c5805781bd3c2287ab7920fecc23dab53,fb47b96ab635d7cc6e9edefdddc46f1baf63b117,evosuite,False,set(),/local/tmp.11144378/study-execution/nimrod-hunoroutput-test-dest/commons-lang/4ddbd99c5805781bd3c2287ab7920fecc23dab53/evosuite_4,org.apache.commons.lang3.text.translate.LookupTranslator,translate(CharSequence| int| Writer)int
commons-lang,4ddbd99c5805781bd3c2287ab7920fecc23dab53,fb47b96ab635d7cc6e9edefdddc46f1baf63b117,randoop,False,set(),/local/tmp.11144378/study-execution/nimrod-hunoroutput-test-dest/commons-lang/4ddbd99c5805781bd3c2287ab7920fecc23dab53/randoop_2,org.apache.commons.lang3.text.translate.LookupTranslator,translate(CharSequence| int| Writer)int
commons-lang,379151bad9c5402c335db67f9494351b99298732,75944e541d358d5b06ebbba3098a919fbf2539d4,differential-evosuite,False,set(),/local/tmp.11144378/study-execution/nimrod-hunoroutput-test-dest/commons-lang/379151bad9c5402c335db67f9494351b99298732/evosuite_1,org.apache.commons.lang3.LocaleUtils,toLocale(String)Locale
commons-lang,379151bad9c5402c335db67f9494351b99298732,75944e541d358d5b06ebbba3098a919fbf2539d4,evosuite,False,set(),/local/tmp.11144378/study-execution/nimrod-hunoroutput-test-dest/commons-lang/379151bad9c5402c335db67f9494351b99298732/evosuite_2,org.apache.commons.lang3.LocaleUtils,toLocale(String)Locale
commons-lang,379151bad9c5402c335db67f9494351b99298732,75944e541d358d5b06ebbba3098a919fbf2539d4,randoop,False,set(),/local/tmp.11144378/study-execution/nimrod-hunoroutput-test-dest/commons-lang/379151bad9c5402c335db67f9494351b99298732/randoop_1,org.apache.commons.lang3.LocaleUtils,toLocale(String)Locale
commons-lang,6823c3742ee16f5b28e550a6afb685553befc0c2,cff0f1ae37bb2b7ab2dcdb10dec1f3cad7532e1c,differential-evosuite,False,set(),/local/tmp.11144378/study-execution/nimrod-hunoroutput-test-dest/commons-lang/6823c3742ee16f5b28e550a6afb685553befc0c2/evosuite_1,org.apache.commons.lang3.text.translate.CharSequenceTranslator,translate(CharSequence| Writer)void
commons-lang,6823c3742ee16f5b28e550a6afb685553befc0c2,cff0f1ae37bb2b7ab2dcdb10dec1f3cad7532e1c,evosuite,False,set(),/local/tmp.11144378/study-execution/nimrod-hunoroutput-test-dest/commons-lang/6823c3742ee16f5b28e550a6afb685553befc0c2/evosuite_2,org.apache.commons.lang3.text.translate.CharSequenceTranslator,translate(CharSequence| Writer)void
commons-lang,6823c3742ee16f5b28e550a6afb685553befc0c2,cff0f1ae37bb2b7ab2dcdb10dec1f3cad7532e1c,randoop,NONE,set(),NO-INFORMATION,org.apache.commons.lang3.text.translate.CharSequenceTranslator,translate(CharSequence| Writer)void
commons-lang,f0c7e60bbaf975b64ab5bf1b75ba6b7dbc256300,e71f6dd3f2f70c640ae73d28b432b3a69ffcab4b,differential-evosuite,True,{'NumberUtils_ESTest#test0'},/local/tmp.11144378/study-execution/nimrod-hunoroutput-test-dest/commons-lang/f0c7e60bbaf975b64ab5bf1b75ba6b7dbc256300/evosuite_1,org.apache.commons.lang3.math.NumberUtils,createNumber(String)Number
commons-lang,f0c7e60bbaf975b64ab5bf1b75ba6b7dbc256300,e71f6dd3f2f70c640ae73d28b432b3a69ffcab4b,evosuite,True,{'NumberUtils_ESTest#test115'},/local/tmp.11144378/study-execution/nimrod-hunoroutput-test-dest/commons-lang/f0c7e60bbaf975b64ab5bf1b75ba6b7dbc256300/evosuite_2,org.apache.commons.lang3.math.NumberUtils,createNumber(String)Number
commons-lang,f0c7e60bbaf975b64ab5bf1b75ba6b7dbc256300,e71f6dd3f2f70c640ae73d28b432b3a69ffcab4b,randoop,False,set(),/local/tmp.11144378/study-execution/nimrod-hunoroutput-test-dest/commons-lang/f0c7e60bbaf975b64ab5bf1b75ba6b7dbc256300/randoop_1,org.apache.commons.lang3.math.NumberUtils,createNumber(String)Number
commons-lang,f0c7e60bbaf975b64ab5bf1b75ba6b7dbc256300,e71f6dd3f2f70c640ae73d28b432b3a69ffcab4b,differential-evosuite,True,{'NumberUtils_ESTest#test0'},/local/tmp.11144378/study-execution/nimrod-hunoroutput-test-dest/commons-lang/f0c7e60bbaf975b64ab5bf1b75ba6b7dbc256300/evosuite_3,org.apache.commons.lang3.math.NumberUtils,createBigDecimal(String)BigDecimal
commons-lang,f0c7e60bbaf975b64ab5bf1b75ba6b7dbc256300,e71f6dd3f2f70c640ae73d28b432b3a69ffcab4b,evosuite,True,"{'NumberUtils_ESTest#test115', 'NumberUtils_ESTest#test109'}",/local/tmp.11144378/study-execution/nimrod-hunoroutput-test-dest/commons-lang/f0c7e60bbaf975b64ab5bf1b75ba6b7dbc256300/evosuite_4,org.apache.commons.lang3.math.NumberUtils,createBigDecimal(String)BigDecimal
commons-lang,f0c7e60bbaf975b64ab5bf1b75ba6b7dbc256300,e71f6dd3f2f70c640ae73d28b432b3a69ffcab4b,randoop,False,set(),/local/tmp.11144378/study-execution/nimrod-hunoroutput-test-dest/commons-lang/f0c7e60bbaf975b64ab5bf1b75ba6b7dbc256300/randoop_2,org.apache.commons.lang3.math.NumberUtils,createBigDecimal(String)BigDecimal
commons-lang,8d192d7063cc747a3c6226122ea83c7348e199e7,a4a455053e7e4a77320efd6db0814f4de82d754d,differential-evosuite,False,set(),/local/tmp.11144378/study-execution/nimrod-hunoroutput-test-dest/commons-lang/8d192d7063cc747a3c6226122ea83c7348e199e7/evosuite_1,org.apache.commons.lang3.time.FastDatePrinter,TimeZoneNameRule(TimeZone| Locale| int)
commons-lang,8d192d7063cc747a3c6226122ea83c7348e199e7,a4a455053e7e4a77320efd6db0814f4de82d754d,evosuite,False,set(),/local/tmp.11144378/study-execution/nimrod-hunoroutput-test-dest/commons-lang/8d192d7063cc747a3c6226122ea83c7348e199e7/evosuite_2,org.apache.commons.lang3.time.FastDatePrinter,TimeZoneNameRule(TimeZone| Locale| int)
commons-lang,8d192d7063cc747a3c6226122ea83c7348e199e7,a4a455053e7e4a77320efd6db0814f4de82d754d,randoop,False,set(),/local/tmp.11144378/study-execution/nimrod-hunoroutput-test-dest/commons-lang/8d192d7063cc747a3c6226122ea83c7348e199e7/randoop_1,org.apache.commons.lang3.time.FastDatePrinter,TimeZoneNameRule(TimeZone| Locale| int)
commons-lang,8d192d7063cc747a3c6226122ea83c7348e199e7,a4a455053e7e4a77320efd6db0814f4de82d754d,differential-evosuite,False,set(),/local/tmp.11144378/study-execution/nimrod-hunoroutput-test-dest/commons-lang/8d192d7063cc747a3c6226122ea83c7348e199e7/evosuite_3,org.apache.commons.lang3.time.FastDatePrinter,appendTo(StringBuffer| Calendar)void
commons-lang,8d192d7063cc747a3c6226122ea83c7348e199e7,a4a455053e7e4a77320efd6db0814f4de82d754d,evosuite,False,set(),/local/tmp.11144378/study-execution/nimrod-hunoroutput-test-dest/commons-lang/8d192d7063cc747a3c6226122ea83c7348e199e7/evosuite_4,org.apache.commons.lang3.time.FastDatePrinter,appendTo(StringBuffer| Calendar)void
commons-lang,8d192d7063cc747a3c6226122ea83c7348e199e7,a4a455053e7e4a77320efd6db0814f4de82d754d,randoop,False,set(),/local/tmp.11144378/study-execution/nimrod-hunoroutput-test-dest/commons-lang/8d192d7063cc747a3c6226122ea83c7348e199e7/randoop_2,org.apache.commons.lang3.time.FastDatePrinter,appendTo(StringBuffer| Calendar)void
commons-lang,afe5dff79fc23d222ba1f1481fbbf55e09d2e6da,c45d5bff75edfef6387d40e681f9dc7c9b517bbb,differential-evosuite,True,{'FastDateParser_ESTest#test0'},/local/tmp.11144378/study-execution/nimrod-hunoroutput-test-dest/commons-lang/afe5dff79fc23d222ba1f1481fbbf55e09d2e6da/evosuite_1,org.apache.commons.lang3.time.FastDateParser,init()void
commons-lang,afe5dff79fc23d222ba1f1481fbbf55e09d2e6da,c45d5bff75edfef6387d40e681f9dc7c9b517bbb,evosuite,True,"{'FastDateParser_ESTest#test24', 'FastDateParser_ESTest#test22', 'FastDateParser_ESTest#test26', 'FastDateParser_ESTest#test28', 'FastDateParser_ESTest#test25', 'FastDateParser_ESTest#test12', 'FastDateParser_ESTest#test17', 'FastDateParser_ESTest#test07', 'FastDateParser_ESTest#test29', 'FastDateParser_ESTest#test16', 'FastDateParser_ESTest#test02', 'FastDateParser_ESTest#test27', 'FastDateParser_ESTest#test15', 'FastDateParser_ESTest#test19', 'FastDateParser_ESTest#test23', 'FastDateParser_ESTest#test18', 'FastDateParser_ESTest#test30', 'FastDateParser_ESTest#test20', 'FastDateParser_ESTest#test00', 'FastDateParser_ESTest#test21', 'FastDateParser_ESTest#test08'}",/local/tmp.11144378/study-execution/nimrod-hunoroutput-test-dest/commons-lang/afe5dff79fc23d222ba1f1481fbbf55e09d2e6da/evosuite_2,org.apache.commons.lang3.time.FastDateParser,init()void
commons-lang,afe5dff79fc23d222ba1f1481fbbf55e09d2e6da,c45d5bff75edfef6387d40e681f9dc7c9b517bbb,randoop,False,set(),/local/tmp.11144378/study-execution/nimrod-hunoroutput-test-dest/commons-lang/afe5dff79fc23d222ba1f1481fbbf55e09d2e6da/randoop_1,org.apache.commons.lang3.time.FastDateParser,init()void
commons-lang,0afcd15e183205a85a45a2775f1fb75a162a1389,afe5dff79fc23d222ba1f1481fbbf55e09d2e6da,differential-evosuite,True,{'FastDateParser_ESTest#test0'},/local/tmp.11144378/study-execution/nimrod-hunoroutput-test-dest/commons-lang/0afcd15e183205a85a45a2775f1fb75a162a1389/evosuite_1,org.apache.commons.lang3.time.FastDateParser,escapeRegex(StringBuilder| String| boolean)StringBuilder
commons-lang,0afcd15e183205a85a45a2775f1fb75a162a1389,afe5dff79fc23d222ba1f1481fbbf55e09d2e6da,evosuite,False,set(),/local/tmp.11144378/study-execution/nimrod-hunoroutput-test-dest/commons-lang/0afcd15e183205a85a45a2775f1fb75a162a1389/evosuite_2,org.apache.commons.lang3.time.FastDateParser,escapeRegex(StringBuilder| String| boolean)StringBuilder
commons-lang,0afcd15e183205a85a45a2775f1fb75a162a1389,afe5dff79fc23d222ba1f1481fbbf55e09d2e6da,randoop,False,set(),/local/tmp.11144378/study-execution/nimrod-hunoroutput-test-dest/commons-lang/0afcd15e183205a85a45a2775f1fb75a162a1389/randoop_1,org.apache.commons.lang3.time.FastDateParser,escapeRegex(StringBuilder| String| boolean)StringBuilder
commons-lang,c9d786a4fe2639581047d878a64bab6fb24f1ab3,c821fafce06adefc040e8983fb12d49399a48627,differential-evosuite,True,{'RandomStringUtils_ESTest#test0'},/local/tmp.11144378/study-execution/nimrod-hunoroutput-test-dest/commons-lang/c9d786a4fe2639581047d878a64bab6fb24f1ab3/evosuite_1,org.apache.commons.lang3.RandomStringUtils,random(int| int| int| boolean| boolean| char[]| Random)String
commons-lang,c9d786a4fe2639581047d878a64bab6fb24f1ab3,c821fafce06adefc040e8983fb12d49399a48627,evosuite,True,"{'RandomStringUtils_ESTest#test16', 'RandomStringUtils_ESTest#test18', 'RandomStringUtils_ESTest#test29', 'RandomStringUtils_ESTest#test15', 'RandomStringUtils_ESTest#test31', 'RandomStringUtils_ESTest#test30', 'RandomStringUtils_ESTest#test02', 'RandomStringUtils_ESTest#test10'}",/local/tmp.11144378/study-execution/nimrod-hunoroutput-test-dest/commons-lang/c9d786a4fe2639581047d878a64bab6fb24f1ab3/evosuite_2,org.apache.commons.lang3.RandomStringUtils,random(int| int| int| boolean| boolean| char[]| Random)String
commons-lang,c9d786a4fe2639581047d878a64bab6fb24f1ab3,c821fafce06adefc040e8983fb12d49399a48627,randoop,NONE,set(),NO-INFORMATION,org.apache.commons.lang3.RandomStringUtils,random(int| int| int| boolean| boolean| char[]| Random)String
commons-lang,9351ed93365de2d1c316b8f419566820e88839e3,c9d786a4fe2639581047d878a64bab6fb24f1ab3,differential-evosuite,True,{'RandomStringUtils_ESTest#test0'},/local/tmp.11144378/study-execution/nimrod-hunoroutput-test-dest/commons-lang/9351ed93365de2d1c316b8f419566820e88839e3/evosuite_1,org.apache.commons.lang3.RandomStringUtils,random(int| int| int| boolean| boolean| char[]| Random)String
commons-lang,9351ed93365de2d1c316b8f419566820e88839e3,c9d786a4fe2639581047d878a64bab6fb24f1ab3,evosuite,True,"{'RandomStringUtils_ESTest#test16', 'RandomStringUtils_ESTest#test27'}",/local/tmp.11144378/study-execution/nimrod-hunoroutput-test-dest/commons-lang/9351ed93365de2d1c316b8f419566820e88839e3/evosuite_2,org.apache.commons.lang3.RandomStringUtils,random(int| int| int| boolean| boolean| char[]| Random)String
commons-lang,9351ed93365de2d1c316b8f419566820e88839e3,c9d786a4fe2639581047d878a64bab6fb24f1ab3,randoop,NONE,set(),NO-INFORMATION,org.apache.commons.lang3.RandomStringUtils,random(int| int| int| boolean| boolean| char[]| Random)String
commons-lang,d0cf0fdd4ff2329f9584c4f663f1af177c1994f6,bd59a1908a1df3364918be7b07782500616b15ac,differential-evosuite,False,set(),/local/tmp.11144378/study-execution/nimrod-hunoroutput-test-dest/commons-lang/d0cf0fdd4ff2329f9584c4f663f1af177c1994f6/evosuite_1,org.apache.commons.lang3.SerializationUtils,resolveClass(ObjectStreamClass)Class
commons-lang,d0cf0fdd4ff2329f9584c4f663f1af177c1994f6,bd59a1908a1df3364918be7b07782500616b15ac,evosuite,False,set(),/local/tmp.11144378/study-execution/nimrod-hunoroutput-test-dest/commons-lang/d0cf0fdd4ff2329f9584c4f663f1af177c1994f6/evosuite_2,org.apache.commons.lang3.SerializationUtils,resolveClass(ObjectStreamClass)Class
commons-lang,d0cf0fdd4ff2329f9584c4f663f1af177c1994f6,bd59a1908a1df3364918be7b07782500616b15ac,randoop,False,set(),/local/tmp.11144378/study-execution/nimrod-hunoroutput-test-dest/commons-lang/d0cf0fdd4ff2329f9584c4f663f1af177c1994f6/randoop_1,org.apache.commons.lang3.SerializationUtils,resolveClass(ObjectStreamClass)Class
commons-lang,d0cf0fdd4ff2329f9584c4f663f1af177c1994f6,bd59a1908a1df3364918be7b07782500616b15ac,differential-evosuite,False,set(),/local/tmp.11144378/study-execution/nimrod-hunoroutput-test-dest/commons-lang/d0cf0fdd4ff2329f9584c4f663f1af177c1994f6/evosuite_3,org.apache.commons.lang3.SerializationUtils,ClassLoaderAwareObjectInputStream(InputStream| ClassLoader)
commons-lang,d0cf0fdd4ff2329f9584c4f663f1af177c1994f6,bd59a1908a1df3364918be7b07782500616b15ac,evosuite,False,set(),/local/tmp.11144378/study-execution/nimrod-hunoroutput-test-dest/commons-lang/d0cf0fdd4ff2329f9584c4f663f1af177c1994f6/evosuite_4,org.apache.commons.lang3.SerializationUtils,ClassLoaderAwareObjectInputStream(InputStream| ClassLoader)
commons-lang,d0cf0fdd4ff2329f9584c4f663f1af177c1994f6,bd59a1908a1df3364918be7b07782500616b15ac,randoop,False,set(),/local/tmp.11144378/study-execution/nimrod-hunoroutput-test-dest/commons-lang/d0cf0fdd4ff2329f9584c4f663f1af177c1994f6/randoop_2,org.apache.commons.lang3.SerializationUtils,ClassLoaderAwareObjectInputStream(InputStream| ClassLoader)
commons-lang,c8afaa3e869cc8c25577641553e0d0b5bdac78b5,cf7211f9d7d70d56501d8c4c827bf9ce3cac5f0b,differential-evosuite,False,set(),/local/tmp.11144378/study-execution/nimrod-hunoroutput-test-dest/commons-lang/c8afaa3e869cc8c25577641553e0d0b5bdac78b5/evosuite_1,org.apache.commons.lang3.StringUtils,equals(CharSequence| CharSequence)boolean
commons-lang,c8afaa3e869cc8c25577641553e0d0b5bdac78b5,cf7211f9d7d70d56501d8c4c827bf9ce3cac5f0b,evosuite,False,set(),/local/tmp.11144378/study-execution/nimrod-hunoroutput-test-dest/commons-lang/c8afaa3e869cc8c25577641553e0d0b5bdac78b5/evosuite_2,org.apache.commons.lang3.StringUtils,equals(CharSequence| CharSequence)boolean
commons-lang,c8afaa3e869cc8c25577641553e0d0b5bdac78b5,cf7211f9d7d70d56501d8c4c827bf9ce3cac5f0b,randoop,NONE,set(),NO-INFORMATION,org.apache.commons.lang3.StringUtils,equals(CharSequence| CharSequence)boolean
commons-lang,76912e0d8aed581ee4bc6b8635d0512ac2695f5d,8185a9e681d6de5f40b0ed07b40730c9761bad37,differential-evosuite,False,set(),/local/tmp.11144378/study-execution/nimrod-hunoroutput-test-dest/commons-lang/76912e0d8aed581ee4bc6b8635d0512ac2695f5d/evosuite_1,org.apache.commons.lang3.reflect.TypeUtils,isAssignable(Type| ParameterizedType| Map<TypeVariable<?>|Type>)boolean
commons-lang,76912e0d8aed581ee4bc6b8635d0512ac2695f5d,8185a9e681d6de5f40b0ed07b40730c9761bad37,evosuite,False,set(),/local/tmp.11144378/study-execution/nimrod-hunoroutput-test-dest/commons-lang/76912e0d8aed581ee4bc6b8635d0512ac2695f5d/evosuite_2,org.apache.commons.lang3.reflect.TypeUtils,isAssignable(Type| ParameterizedType| Map<TypeVariable<?>|Type>)boolean
commons-lang,76912e0d8aed581ee4bc6b8635d0512ac2695f5d,8185a9e681d6de5f40b0ed07b40730c9761bad37,randoop,False,set(),/local/tmp.11144378/study-execution/nimrod-hunoroutput-test-dest/commons-lang/76912e0d8aed581ee4bc6b8635d0512ac2695f5d/randoop_1,org.apache.commons.lang3.reflect.TypeUtils,isAssignable(Type| ParameterizedType| Map<TypeVariable<?>|Type>)boolean
commons-lang,76912e0d8aed581ee4bc6b8635d0512ac2695f5d,8185a9e681d6de5f40b0ed07b40730c9761bad37,differential-evosuite,False,set(),/local/tmp.11144378/study-execution/nimrod-hunoroutput-test-dest/commons-lang/76912e0d8aed581ee4bc6b8635d0512ac2695f5d/evosuite_3,org.apache.commons.lang3.reflect.TypeUtils,getTypeArguments(Class<?>| Class<?>| Map<TypeVariable<?>|Type>)Map
commons-lang,76912e0d8aed581ee4bc6b8635d0512ac2695f5d,8185a9e681d6de5f40b0ed07b40730c9761bad37,evosuite,False,set(),/local/tmp.11144378/study-execution/nimrod-hunoroutput-test-dest/commons-lang/76912e0d8aed581ee4bc6b8635d0512ac2695f5d/evosuite_4,org.apache.commons.lang3.reflect.TypeUtils,getTypeArguments(Class<?>| Class<?>| Map<TypeVariable<?>|Type>)Map
commons-lang,76912e0d8aed581ee4bc6b8635d0512ac2695f5d,8185a9e681d6de5f40b0ed07b40730c9761bad37,randoop,False,set(),/local/tmp.11144378/study-execution/nimrod-hunoroutput-test-dest/commons-lang/76912e0d8aed581ee4bc6b8635d0512ac2695f5d/randoop_2,org.apache.commons.lang3.reflect.TypeUtils,getTypeArguments(Class<?>| Class<?>| Map<TypeVariable<?>|Type>)Map
commons-lang,a145b6d838914e38ee1027a1497de41140549080,13c7f19a5ad506340a7c8d8601ef4bf2426ab325,differential-evosuite,True,{'NumberUtils_ESTest#test0'},/local/tmp.11144378/study-execution/nimrod-hunoroutput-test-dest/commons-lang/a145b6d838914e38ee1027a1497de41140549080/evosuite_1,org.apache.commons.lang3.math.NumberUtils,createNumber(String)Number
commons-lang,a145b6d838914e38ee1027a1497de41140549080,13c7f19a5ad506340a7c8d8601ef4bf2426ab325,evosuite,False,set(),/local/tmp.11144378/study-execution/nimrod-hunoroutput-test-dest/commons-lang/a145b6d838914e38ee1027a1497de41140549080/evosuite_2,org.apache.commons.lang3.math.NumberUtils,createNumber(String)Number
commons-lang,a145b6d838914e38ee1027a1497de41140549080,13c7f19a5ad506340a7c8d8601ef4bf2426ab325,randoop,False,set(),/local/tmp.11144378/study-execution/nimrod-hunoroutput-test-dest/commons-lang/a145b6d838914e38ee1027a1497de41140549080/randoop_1,org.apache.commons.lang3.math.NumberUtils,createNumber(String)Number
commons-lang,a7e90b2ffa23ab60c7022e2f94a12651b4fb8ec0,b4255e6d071dc8d48bfc51037cecb29097b9a49d,differential-evosuite,False,set(),/local/tmp.11144378/study-execution/nimrod-hunoroutput-test-dest/commons-lang/a7e90b2ffa23ab60c7022e2f94a12651b4fb8ec0/evosuite_1,org.apache.commons.lang3.text.translate.CharSequenceTranslator,translate(CharSequence| Writer)void
commons-lang,a7e90b2ffa23ab60c7022e2f94a12651b4fb8ec0,b4255e6d071dc8d48bfc51037cecb29097b9a49d,evosuite,False,set(),/local/tmp.11144378/study-execution/nimrod-hunoroutput-test-dest/commons-lang/a7e90b2ffa23ab60c7022e2f94a12651b4fb8ec0/evosuite_2,org.apache.commons.lang3.text.translate.CharSequenceTranslator,translate(CharSequence| Writer)void
commons-lang,a7e90b2ffa23ab60c7022e2f94a12651b4fb8ec0,b4255e6d071dc8d48bfc51037cecb29097b9a49d,randoop,NONE,set(),NO-INFORMATION,org.apache.commons.lang3.text.translate.CharSequenceTranslator,translate(CharSequence| Writer)void
commons-lang,aefe0749b2f2e63f9d13393694e7d20173bc032a,2aa9dca994b006ccbfcb528de5ff0da6a5578411,differential-evosuite,True,{'FastDateFormat_ESTest#test0'},/local/tmp.11144378/study-execution/nimrod-hunoroutput-test-dest/commons-lang/aefe0749b2f2e63f9d13393694e7d20173bc032a/evosuite_1,org.apache.commons.lang3.time.FastDateFormat,parsePattern()List
commons-lang,aefe0749b2f2e63f9d13393694e7d20173bc032a,2aa9dca994b006ccbfcb528de5ff0da6a5578411,evosuite,False,set(),/local/tmp.11144378/study-execution/nimrod-hunoroutput-test-dest/commons-lang/aefe0749b2f2e63f9d13393694e7d20173bc032a/evosuite_2,org.apache.commons.lang3.time.FastDateFormat,parsePattern()List
commons-lang,aefe0749b2f2e63f9d13393694e7d20173bc032a,2aa9dca994b006ccbfcb528de5ff0da6a5578411,randoop,False,set(),/local/tmp.11144378/study-execution/nimrod-hunoroutput-test-dest/commons-lang/aefe0749b2f2e63f9d13393694e7d20173bc032a/randoop_1,org.apache.commons.lang3.time.FastDateFormat,parsePattern()List
commons-lang,85481c8f87075c88a97e793d9a6fcfd8d3c6946f,0b3a8a3128890f710700d04e38df48b883d11d91,differential-evosuite,False,set(),/local/tmp.11144378/study-execution/nimrod-hunoroutput-test-dest/commons-lang/85481c8f87075c88a97e793d9a6fcfd8d3c6946f/evosuite_1,org.apache.commons.lang3.text.translate.NumericEntityUnescaper,translate(CharSequence| int| Writer)int
commons-lang,85481c8f87075c88a97e793d9a6fcfd8d3c6946f,0b3a8a3128890f710700d04e38df48b883d11d91,evosuite,False,set(),/local/tmp.11144378/study-execution/nimrod-hunoroutput-test-dest/commons-lang/85481c8f87075c88a97e793d9a6fcfd8d3c6946f/evosuite_2,org.apache.commons.lang3.text.translate.NumericEntityUnescaper,translate(CharSequence| int| Writer)int
commons-lang,85481c8f87075c88a97e793d9a6fcfd8d3c6946f,0b3a8a3128890f710700d04e38df48b883d11d91,randoop,False,set(),/local/tmp.11144378/study-execution/nimrod-hunoroutput-test-dest/commons-lang/85481c8f87075c88a97e793d9a6fcfd8d3c6946f/randoop_1,org.apache.commons.lang3.text.translate.NumericEntityUnescaper,translate(CharSequence| int| Writer)int
commons-lang,0c01b4c48bc886a7e53b517efeb2192d1caaffe2,f08213cc4c35fd71e98aa5233fcb2db3333793a2,differential-evosuite,False,set(),/local/tmp.11144378/study-execution/nimrod-hunoroutput-test-dest/commons-lang/0c01b4c48bc886a7e53b517efeb2192d1caaffe2/evosuite_1,org.apache.commons.lang3.StringUtils,join(Object[]| char| int| int)String
commons-lang,0c01b4c48bc886a7e53b517efeb2192d1caaffe2,f08213cc4c35fd71e98aa5233fcb2db3333793a2,evosuite,True,{'StringUtils_ESTest#test146'},/local/tmp.11144378/study-execution/nimrod-hunoroutput-test-dest/commons-lang/0c01b4c48bc886a7e53b517efeb2192d1caaffe2/evosuite_2,org.apache.commons.lang3.StringUtils,join(Object[]| char| int| int)String
commons-lang,0c01b4c48bc886a7e53b517efeb2192d1caaffe2,f08213cc4c35fd71e98aa5233fcb2db3333793a2,randoop,NONE,set(),NO-INFORMATION,org.apache.commons.lang3.StringUtils,join(Object[]| char| int| int)String
commons-lang,0c01b4c48bc886a7e53b517efeb2192d1caaffe2,f08213cc4c35fd71e98aa5233fcb2db3333793a2,differential-evosuite,True,{'StringUtils_ESTest#test0'},/local/tmp.11144378/study-execution/nimrod-hunoroutput-test-dest/commons-lang/0c01b4c48bc886a7e53b517efeb2192d1caaffe2/evosuite_3,org.apache.commons.lang3.StringUtils,join(Object[]| String| int| int)String
commons-lang,0c01b4c48bc886a7e53b517efeb2192d1caaffe2,f08213cc4c35fd71e98aa5233fcb2db3333793a2,evosuite,False,set(),/local/tmp.11144378/study-execution/nimrod-hunoroutput-test-dest/commons-lang/0c01b4c48bc886a7e53b517efeb2192d1caaffe2/evosuite_4,org.apache.commons.lang3.StringUtils,join(Object[]| String| int| int)String
commons-lang,0c01b4c48bc886a7e53b517efeb2192d1caaffe2,f08213cc4c35fd71e98aa5233fcb2db3333793a2,randoop,NONE,set(),NO-INFORMATION,org.apache.commons.lang3.StringUtils,join(Object[]| String| int| int)String
commons-lang,a473984ef081ac1c55ce263345c5a54049275935,55f642725742513824975af0e5e91cb1920b6d72,differential-evosuite,False,set(),/local/tmp.11144378/study-execution/nimrod-hunoroutput-test-dest/commons-lang/a473984ef081ac1c55ce263345c5a54049275935/evosuite_1,org.apache.commons.lang3.time.DateUtils,isSameLocalTime(Calendar| Calendar)boolean
commons-lang,a473984ef081ac1c55ce263345c5a54049275935,55f642725742513824975af0e5e91cb1920b6d72,evosuite,False,set(),/local/tmp.11144378/study-execution/nimrod-hunoroutput-test-dest/commons-lang/a473984ef081ac1c55ce263345c5a54049275935/evosuite_2,org.apache.commons.lang3.time.DateUtils,isSameLocalTime(Calendar| Calendar)boolean
commons-lang,a473984ef081ac1c55ce263345c5a54049275935,55f642725742513824975af0e5e91cb1920b6d72,randoop,False,set(),/local/tmp.11144378/study-execution/nimrod-hunoroutput-test-dest/commons-lang/a473984ef081ac1c55ce263345c5a54049275935/randoop_1,org.apache.commons.lang3.time.DateUtils,isSameLocalTime(Calendar| Calendar)boolean
commons-lang,1b708e343781255f50e17bf10b363cca303120af,0b2b82ad923b0455cde93286e3f504a1abd0863b,differential-evosuite,True,{'Fraction_ESTest#test0'},/local/tmp.11144378/study-execution/nimrod-hunoroutput-test-dest/commons-lang/1b708e343781255f50e17bf10b363cca303120af/evosuite_1,org.apache.commons.lang3.math.Fraction,greatestCommonDivisor(int| int)int
commons-lang,1b708e343781255f50e17bf10b363cca303120af,0b2b82ad923b0455cde93286e3f504a1abd0863b,evosuite,False,set(),/local/tmp.11144378/study-execution/nimrod-hunoroutput-test-dest/commons-lang/1b708e343781255f50e17bf10b363cca303120af/evosuite_2,org.apache.commons.lang3.math.Fraction,greatestCommonDivisor(int| int)int
commons-lang,1b708e343781255f50e17bf10b363cca303120af,0b2b82ad923b0455cde93286e3f504a1abd0863b,randoop,False,set(),/local/tmp.11144378/study-execution/nimrod-hunoroutput-test-dest/commons-lang/1b708e343781255f50e17bf10b363cca303120af/randoop_1,org.apache.commons.lang3.math.Fraction,greatestCommonDivisor(int| int)int
commons-lang,d61f50a3986b983ba0bfc6d2ec2abc26892c6ed2,81903abbb25ff92597d5f1e3acc648d12bdee444,differential-evosuite,False,set(),/local/tmp.11144378/study-execution/nimrod-hunoroutput-test-dest/commons-lang/d61f50a3986b983ba0bfc6d2ec2abc26892c6ed2/evosuite_1,org.apache.commons.lang3.math.NumberUtils,isNumber(String)boolean
commons-lang,d61f50a3986b983ba0bfc6d2ec2abc26892c6ed2,81903abbb25ff92597d5f1e3acc648d12bdee444,evosuite,False,set(),/local/tmp.11144378/study-execution/nimrod-hunoroutput-test-dest/commons-lang/d61f50a3986b983ba0bfc6d2ec2abc26892c6ed2/evosuite_2,org.apache.commons.lang3.math.NumberUtils,isNumber(String)boolean
commons-lang,d61f50a3986b983ba0bfc6d2ec2abc26892c6ed2,81903abbb25ff92597d5f1e3acc648d12bdee444,randoop,False,set(),/local/tmp.11144378/study-execution/nimrod-hunoroutput-test-dest/commons-lang/d61f50a3986b983ba0bfc6d2ec2abc26892c6ed2/randoop_1,org.apache.commons.lang3.math.NumberUtils,isNumber(String)boolean
commons-lang,eb94e61a64105bcdd6afd0f6377de7b4fa7fa105,2bae68787d15c3d3540380164e62759485078ec1,differential-evosuite,False,set(),/local/tmp.11144378/study-execution/nimrod-hunoroutput-test-dest/commons-lang/eb94e61a64105bcdd6afd0f6377de7b4fa7fa105/evosuite_1,org.apache.commons.lang3.text.translate.EntityArrays,ISO8859_1_ESCAPE
commons-lang,eb94e61a64105bcdd6afd0f6377de7b4fa7fa105,2bae68787d15c3d3540380164e62759485078ec1,evosuite,False,set(),/local/tmp.11144378/study-execution/nimrod-hunoroutput-test-dest/commons-lang/eb94e61a64105bcdd6afd0f6377de7b4fa7fa105/evosuite_2,org.apache.commons.lang3.text.translate.EntityArrays,ISO8859_1_ESCAPE
commons-lang,eb94e61a64105bcdd6afd0f6377de7b4fa7fa105,2bae68787d15c3d3540380164e62759485078ec1,randoop,False,set(),/local/tmp.11144378/study-execution/nimrod-hunoroutput-test-dest/commons-lang/eb94e61a64105bcdd6afd0f6377de7b4fa7fa105/randoop_1,org.apache.commons.lang3.text.translate.EntityArrays,ISO8859_1_ESCAPE
commons-lang,e67792f82e7eaccb39007c0fa65f3217f24be10d,75d5b74a1a7ef68c5169f4b44cdf972c1ab07ee0,differential-evosuite,False,set(),/local/tmp.11144378/study-execution/nimrod-hunoroutput-test-dest/commons-lang/e67792f82e7eaccb39007c0fa65f3217f24be10d/evosuite_1,org.apache.commons.lang3.time.FastDateFormat,format(Date)String
commons-lang,e67792f82e7eaccb39007c0fa65f3217f24be10d,75d5b74a1a7ef68c5169f4b44cdf972c1ab07ee0,evosuite,False,set(),/local/tmp.11144378/study-execution/nimrod-hunoroutput-test-dest/commons-lang/e67792f82e7eaccb39007c0fa65f3217f24be10d/evosuite_2,org.apache.commons.lang3.time.FastDateFormat,format(Date)String
commons-lang,e67792f82e7eaccb39007c0fa65f3217f24be10d,75d5b74a1a7ef68c5169f4b44cdf972c1ab07ee0,randoop,False,set(),/local/tmp.11144378/study-execution/nimrod-hunoroutput-test-dest/commons-lang/e67792f82e7eaccb39007c0fa65f3217f24be10d/randoop_1,org.apache.commons.lang3.time.FastDateFormat,format(Date)String
commons-lang,7c915333685392f7cfc913b2085471709e6d6227,c2560c028173c3bc0a4627d4ce5ce221bcc9be66,differential-evosuite,True,{'NumberUtils_ESTest#test0'},/local/tmp.11144378/study-execution/nimrod-hunoroutput-test-dest/commons-lang/7c915333685392f7cfc913b2085471709e6d6227/evosuite_1,org.apache.commons.lang3.math.NumberUtils,createNumber(String)Number
commons-lang,7c915333685392f7cfc913b2085471709e6d6227,c2560c028173c3bc0a4627d4ce5ce221bcc9be66,evosuite,False,set(),/local/tmp.11144378/study-execution/nimrod-hunoroutput-test-dest/commons-lang/7c915333685392f7cfc913b2085471709e6d6227/evosuite_2,org.apache.commons.lang3.math.NumberUtils,createNumber(String)Number
commons-lang,7c915333685392f7cfc913b2085471709e6d6227,c2560c028173c3bc0a4627d4ce5ce221bcc9be66,randoop,False,set(),/local/tmp.11144378/study-execution/nimrod-hunoroutput-test-dest/commons-lang/7c915333685392f7cfc913b2085471709e6d6227/randoop_1,org.apache.commons.lang3.math.NumberUtils,createNumber(String)Number
commons-lang,8da5fb28a764eee26c76a5018c293f224017887b,3e1afecc200d7e3be9537c95b7cf52a7c5031300,differential-evosuite,False,set(),/local/tmp.11144378/study-execution/nimrod-hunoroutput-test-dest/commons-lang/8da5fb28a764eee26c76a5018c293f224017887b/evosuite_1,org.apache.commons.lang3.text.translate.NumericEntityUnescaper,translate(CharSequence| int| Writer)int
commons-lang,8da5fb28a764eee26c76a5018c293f224017887b,3e1afecc200d7e3be9537c95b7cf52a7c5031300,evosuite,False,set(),/local/tmp.11144378/study-execution/nimrod-hunoroutput-test-dest/commons-lang/8da5fb28a764eee26c76a5018c293f224017887b/evosuite_2,org.apache.commons.lang3.text.translate.NumericEntityUnescaper,translate(CharSequence| int| Writer)int
commons-lang,8da5fb28a764eee26c76a5018c293f224017887b,3e1afecc200d7e3be9537c95b7cf52a7c5031300,randoop,False,set(),/local/tmp.11144378/study-execution/nimrod-hunoroutput-test-dest/commons-lang/8da5fb28a764eee26c76a5018c293f224017887b/randoop_1,org.apache.commons.lang3.text.translate.NumericEntityUnescaper,translate(CharSequence| int| Writer)int
commons-lang,24f6517c9d5c1293f0c1209b7b44b6eeaa6ebee2,19b6372018c6b800f8e2bf1b85e15ef4cbd500da,differential-evosuite,False,set(),/local/tmp.11144378/study-execution/nimrod-hunoroutput-test-dest/commons-lang/24f6517c9d5c1293f0c1209b7b44b6eeaa6ebee2/evosuite_1,org.apache.commons.lang3.StringUtils,indexOfAny(CharSequence| char[])int
commons-lang,24f6517c9d5c1293f0c1209b7b44b6eeaa6ebee2,19b6372018c6b800f8e2bf1b85e15ef4cbd500da,evosuite,False,set(),/local/tmp.11144378/study-execution/nimrod-hunoroutput-test-dest/commons-lang/24f6517c9d5c1293f0c1209b7b44b6eeaa6ebee2/evosuite_2,org.apache.commons.lang3.StringUtils,indexOfAny(CharSequence| char[])int
commons-lang,24f6517c9d5c1293f0c1209b7b44b6eeaa6ebee2,19b6372018c6b800f8e2bf1b85e15ef4cbd500da,randoop,NONE,set(),NO-INFORMATION,org.apache.commons.lang3.StringUtils,indexOfAny(CharSequence| char[])int
commons-lang,24f6517c9d5c1293f0c1209b7b44b6eeaa6ebee2,19b6372018c6b800f8e2bf1b85e15ef4cbd500da,differential-evosuite,False,set(),/local/tmp.11144378/study-execution/nimrod-hunoroutput-test-dest/commons-lang/24f6517c9d5c1293f0c1209b7b44b6eeaa6ebee2/evosuite_3,org.apache.commons.lang3.StringUtils,containsNone(CharSequence| char[])boolean
commons-lang,24f6517c9d5c1293f0c1209b7b44b6eeaa6ebee2,19b6372018c6b800f8e2bf1b85e15ef4cbd500da,evosuite,False,set(),/local/tmp.11144378/study-execution/nimrod-hunoroutput-test-dest/commons-lang/24f6517c9d5c1293f0c1209b7b44b6eeaa6ebee2/evosuite_4,org.apache.commons.lang3.StringUtils,containsNone(CharSequence| char[])boolean
commons-lang,24f6517c9d5c1293f0c1209b7b44b6eeaa6ebee2,19b6372018c6b800f8e2bf1b85e15ef4cbd500da,randoop,NONE,set(),NO-INFORMATION,org.apache.commons.lang3.StringUtils,containsNone(CharSequence| char[])boolean
commons-lang,24f6517c9d5c1293f0c1209b7b44b6eeaa6ebee2,19b6372018c6b800f8e2bf1b85e15ef4cbd500da,differential-evosuite,False,set(),/local/tmp.11144378/study-execution/nimrod-hunoroutput-test-dest/commons-lang/24f6517c9d5c1293f0c1209b7b44b6eeaa6ebee2/evosuite_5,org.apache.commons.lang3.StringUtils,containsAny(CharSequence| char[])boolean
commons-lang,24f6517c9d5c1293f0c1209b7b44b6eeaa6ebee2,19b6372018c6b800f8e2bf1b85e15ef4cbd500da,evosuite,False,set(),/local/tmp.11144378/study-execution/nimrod-hunoroutput-test-dest/commons-lang/24f6517c9d5c1293f0c1209b7b44b6eeaa6ebee2/evosuite_6,org.apache.commons.lang3.StringUtils,containsAny(CharSequence| char[])boolean
commons-lang,24f6517c9d5c1293f0c1209b7b44b6eeaa6ebee2,19b6372018c6b800f8e2bf1b85e15ef4cbd500da,randoop,NONE,set(),NO-INFORMATION,org.apache.commons.lang3.StringUtils,containsAny(CharSequence| char[])boolean
commons-lang,24f6517c9d5c1293f0c1209b7b44b6eeaa6ebee2,19b6372018c6b800f8e2bf1b85e15ef4cbd500da,differential-evosuite,False,set(),/local/tmp.11144378/study-execution/nimrod-hunoroutput-test-dest/commons-lang/24f6517c9d5c1293f0c1209b7b44b6eeaa6ebee2/evosuite_7,org.apache.commons.lang3.StringUtils,indexOfAnyBut(CharSequence| char[])int
commons-lang,24f6517c9d5c1293f0c1209b7b44b6eeaa6ebee2,19b6372018c6b800f8e2bf1b85e15ef4cbd500da,evosuite,False,set(),/local/tmp.11144378/study-execution/nimrod-hunoroutput-test-dest/commons-lang/24f6517c9d5c1293f0c1209b7b44b6eeaa6ebee2/evosuite_8,org.apache.commons.lang3.StringUtils,indexOfAnyBut(CharSequence| char[])int
commons-lang,24f6517c9d5c1293f0c1209b7b44b6eeaa6ebee2,19b6372018c6b800f8e2bf1b85e15ef4cbd500da,randoop,False,set(),/local/tmp.11144378/study-execution/nimrod-hunoroutput-test-dest/commons-lang/24f6517c9d5c1293f0c1209b7b44b6eeaa6ebee2/randoop_4,org.apache.commons.lang3.StringUtils,indexOfAnyBut(CharSequence| char[])int
commons-lang,24f6517c9d5c1293f0c1209b7b44b6eeaa6ebee2,19b6372018c6b800f8e2bf1b85e15ef4cbd500da,differential-evosuite,False,set(),/local/tmp.11144378/study-execution/nimrod-hunoroutput-test-dest/commons-lang/24f6517c9d5c1293f0c1209b7b44b6eeaa6ebee2/evosuite_9,org.apache.commons.lang3.StringUtils,indexOfAnyBut(String| String)int
commons-lang,24f6517c9d5c1293f0c1209b7b44b6eeaa6ebee2,19b6372018c6b800f8e2bf1b85e15ef4cbd500da,evosuite,False,set(),/local/tmp.11144378/study-execution/nimrod-hunoroutput-test-dest/commons-lang/24f6517c9d5c1293f0c1209b7b44b6eeaa6ebee2/evosuite_10,org.apache.commons.lang3.StringUtils,indexOfAnyBut(String| String)int
commons-lang,24f6517c9d5c1293f0c1209b7b44b6eeaa6ebee2,19b6372018c6b800f8e2bf1b85e15ef4cbd500da,randoop,NONE,set(),NO-INFORMATION,org.apache.commons.lang3.StringUtils,indexOfAnyBut(String| String)int
commons-lang,0cc451d5e5cb565eb7311308466f487bc534ebaf,38bf7048571f3bc8dd34d14691906426444e4381,differential-evosuite,False,set(),/local/tmp.11144378/study-execution/nimrod-hunoroutput-test-dest/commons-lang/0cc451d5e5cb565eb7311308466f487bc534ebaf/evosuite_1,org.apache.commons.lang3.StringUtils,containsAny(CharSequence| char[])boolean
commons-lang,0cc451d5e5cb565eb7311308466f487bc534ebaf,38bf7048571f3bc8dd34d14691906426444e4381,evosuite,True,{'StringUtils_ESTest#test166'},/local/tmp.11144378/study-execution/nimrod-hunoroutput-test-dest/commons-lang/0cc451d5e5cb565eb7311308466f487bc534ebaf/evosuite_2,org.apache.commons.lang3.StringUtils,containsAny(CharSequence| char[])boolean
commons-lang,0cc451d5e5cb565eb7311308466f487bc534ebaf,38bf7048571f3bc8dd34d14691906426444e4381,randoop,NONE,set(),NO-INFORMATION,org.apache.commons.lang3.StringUtils,containsAny(CharSequence| char[])boolean
commons-lang,1c606c3d96838e595a0664cbafdd60caae34aa0e,006fca88e86bd6f650d4d021d2ff3573a572827d,differential-evosuite,False,set(),/local/tmp.11144378/study-execution/nimrod-hunoroutput-test-dest/commons-lang/1c606c3d96838e595a0664cbafdd60caae34aa0e/evosuite_1,org.apache.commons.lang3.builder.HashCodeBuilder,unregister(Object)void
commons-lang,1c606c3d96838e595a0664cbafdd60caae34aa0e,006fca88e86bd6f650d4d021d2ff3573a572827d,evosuite,True,"{'HashCodeBuilder_ESTest#test24', 'HashCodeBuilder_ESTest#test52', 'HashCodeBuilder_ESTest#test25', 'HashCodeBuilder_ESTest#test47', 'HashCodeBuilder_ESTest#test19', 'HashCodeBuilder_ESTest#test03', 'HashCodeBuilder_ESTest#test50', 'HashCodeBuilder_ESTest#test08', 'HashCodeBuilder_ESTest#test15'}",/local/tmp.11144378/study-execution/nimrod-hunoroutput-test-dest/commons-lang/1c606c3d96838e595a0664cbafdd60caae34aa0e/evosuite_2,org.apache.commons.lang3.builder.HashCodeBuilder,unregister(Object)void
commons-lang,1c606c3d96838e595a0664cbafdd60caae34aa0e,006fca88e86bd6f650d4d021d2ff3573a572827d,randoop,NONE,set(),NO-INFORMATION,org.apache.commons.lang3.builder.HashCodeBuilder,unregister(Object)void
commons-lang,1c606c3d96838e595a0664cbafdd60caae34aa0e,006fca88e86bd6f650d4d021d2ff3573a572827d,differential-evosuite,False,set(),/local/tmp.11144378/study-execution/nimrod-hunoroutput-test-dest/commons-lang/1c606c3d96838e595a0664cbafdd60caae34aa0e/evosuite_3,org.apache.commons.lang3.builder.HashCodeBuilder,REGISTRY
commons-lang,1c606c3d96838e595a0664cbafdd60caae34aa0e,006fca88e86bd6f650d4d021d2ff3573a572827d,evosuite,True,"{'HashCodeBuilder_ESTest#test35', 'HashCodeBuilder_ESTest#test48', 'HashCodeBuilder_ESTest#test34', 'HashCodeBuilder_ESTest#test17', 'HashCodeBuilder_ESTest#test10', 'HashCodeBuilder_ESTest#test47', 'HashCodeBuilder_ESTest#test02', 'HashCodeBuilder_ESTest#test36', 'HashCodeBuilder_ESTest#test11', 'HashCodeBuilder_ESTest#test03', 'HashCodeBuilder_ESTest#test00', 'HashCodeBuilder_ESTest#test08', 'HashCodeBuilder_ESTest#test15'}",/local/tmp.11144378/study-execution/nimrod-hunoroutput-test-dest/commons-lang/1c606c3d96838e595a0664cbafdd60caae34aa0e/evosuite_4,org.apache.commons.lang3.builder.HashCodeBuilder,REGISTRY
commons-lang,1c606c3d96838e595a0664cbafdd60caae34aa0e,006fca88e86bd6f650d4d021d2ff3573a572827d,randoop,NONE,set(),NO-INFORMATION,org.apache.commons.lang3.builder.HashCodeBuilder,REGISTRY
commons-lang,1c606c3d96838e595a0664cbafdd60caae34aa0e,006fca88e86bd6f650d4d021d2ff3573a572827d,differential-evosuite,True,{'HashCodeBuilder_ESTest#test0'},/local/tmp.11144378/study-execution/nimrod-hunoroutput-test-dest/commons-lang/1c606c3d96838e595a0664cbafdd60caae34aa0e/evosuite_5,org.apache.commons.lang3.builder.HashCodeBuilder,register(Object)void
commons-lang,1c606c3d96838e595a0664cbafdd60caae34aa0e,006fca88e86bd6f650d4d021d2ff3573a572827d,evosuite,True,"{'HashCodeBuilder_ESTest#test04', 'HashCodeBuilder_ESTest#test42', 'HashCodeBuilder_ESTest#test09', 'HashCodeBuilder_ESTest#test19', 'HashCodeBuilder_ESTest#test40', 'HashCodeBuilder_ESTest#test03', 'HashCodeBuilder_ESTest#test44', 'HashCodeBuilder_ESTest#test07', 'HashCodeBuilder_ESTest#test51'}",/local/tmp.11144378/study-execution/nimrod-hunoroutput-test-dest/commons-lang/1c606c3d96838e595a0664cbafdd60caae34aa0e/evosuite_6,org.apache.commons.lang3.builder.HashCodeBuilder,register(Object)void
commons-lang,1c606c3d96838e595a0664cbafdd60caae34aa0e,006fca88e86bd6f650d4d021d2ff3573a572827d,randoop,False,set(),/local/tmp.11144378/study-execution/nimrod-hunoroutput-test-dest/commons-lang/1c606c3d96838e595a0664cbafdd60caae34aa0e/randoop_3,org.apache.commons.lang3.builder.HashCodeBuilder,register(Object)void
commons-lang,1c606c3d96838e595a0664cbafdd60caae34aa0e,006fca88e86bd6f650d4d021d2ff3573a572827d,differential-evosuite,False,set(),/local/tmp.11144378/study-execution/nimrod-hunoroutput-test-dest/commons-lang/1c606c3d96838e595a0664cbafdd60caae34aa0e/evosuite_7,org.apache.commons.lang3.builder.HashCodeBuilder,isRegistered(Object)boolean
commons-lang,1c606c3d96838e595a0664cbafdd60caae34aa0e,006fca88e86bd6f650d4d021d2ff3573a572827d,evosuite,True,"{'HashCodeBuilder_ESTest#test48', 'HashCodeBuilder_ESTest#test32', 'HashCodeBuilder_ESTest#test17', 'HashCodeBuilder_ESTest#test42', 'HashCodeBuilder_ESTest#test25', 'HashCodeBuilder_ESTest#test19', 'HashCodeBuilder_ESTest#test03', 'HashCodeBuilder_ESTest#test05', 'HashCodeBuilder_ESTest#test00'}",/local/tmp.11144378/study-execution/nimrod-hunoroutput-test-dest/commons-lang/1c606c3d96838e595a0664cbafdd60caae34aa0e/evosuite_8,org.apache.commons.lang3.builder.HashCodeBuilder,isRegistered(Object)boolean
commons-lang,1c606c3d96838e595a0664cbafdd60caae34aa0e,006fca88e86bd6f650d4d021d2ff3573a572827d,randoop,NONE,set(),NO-INFORMATION,org.apache.commons.lang3.builder.HashCodeBuilder,isRegistered(Object)boolean
commons-lang,575be16474e8e8246d4bbde6f243fdf38c34ad5b,0603aef594fa60126c2d45f2ab164eee39f7b44c,differential-evosuite,True,{'ClassUtils_ESTest#test0'},/local/tmp.11144378/study-execution/nimrod-hunoroutput-test-dest/commons-lang/575be16474e8e8246d4bbde6f243fdf38c34ad5b/evosuite_1,org.apache.commons.lang3.ClassUtils,toClass(Object[])Class
commons-lang,575be16474e8e8246d4bbde6f243fdf38c34ad5b,0603aef594fa60126c2d45f2ab164eee39f7b44c,evosuite,True,"{'ClassUtils_ESTest#test55', 'ClassUtils_ESTest#test06', 'ClassUtils_ESTest#test67'}",/local/tmp.11144378/study-execution/nimrod-hunoroutput-test-dest/commons-lang/575be16474e8e8246d4bbde6f243fdf38c34ad5b/evosuite_2,org.apache.commons.lang3.ClassUtils,toClass(Object[])Class
commons-lang,575be16474e8e8246d4bbde6f243fdf38c34ad5b,0603aef594fa60126c2d45f2ab164eee39f7b44c,randoop,False,set(),/local/tmp.11144378/study-execution/nimrod-hunoroutput-test-dest/commons-lang/575be16474e8e8246d4bbde6f243fdf38c34ad5b/randoop_1,org.apache.commons.lang3.ClassUtils,toClass(Object[])Class
commons-lang,575be16474e8e8246d4bbde6f243fdf38c34ad5b,0603aef594fa60126c2d45f2ab164eee39f7b44c,differential-evosuite,True,{'ClassUtils_ESTest#test0'},/local/tmp.11144378/study-execution/nimrod-hunoroutput-test-dest/commons-lang/575be16474e8e8246d4bbde6f243fdf38c34ad5b/evosuite_3,org.apache.commons.lang3.ClassUtils,static block
commons-lang,575be16474e8e8246d4bbde6f243fdf38c34ad5b,0603aef594fa60126c2d45f2ab164eee39f7b44c,evosuite,False,set(),/local/tmp.11144378/study-execution/nimrod-hunoroutput-test-dest/commons-lang/575be16474e8e8246d4bbde6f243fdf38c34ad5b/evosuite_4,org.apache.commons.lang3.ClassUtils,static block
commons-lang,575be16474e8e8246d4bbde6f243fdf38c34ad5b,0603aef594fa60126c2d45f2ab164eee39f7b44c,randoop,True,{'RegressionTest0#test371'},/local/tmp.11144378/study-execution/nimrod-hunoroutput-test-dest/commons-lang/575be16474e8e8246d4bbde6f243fdf38c34ad5b/randoop_2,org.apache.commons.lang3.ClassUtils,static block
commons-lang,3f900a7395e31eaa72e0fa2fb43c090e5a8fa4ed,496525b0d626dd5049528cdef61d71681154b660,differential-evosuite,False,set(),/local/tmp.11144378/study-execution/nimrod-hunoroutput-test-dest/commons-lang/3f900a7395e31eaa72e0fa2fb43c090e5a8fa4ed/evosuite_1,org.apache.commons.lang3.builder.ToStringStyle,isRegistered(Object)boolean
commons-lang,3f900a7395e31eaa72e0fa2fb43c090e5a8fa4ed,496525b0d626dd5049528cdef61d71681154b660,evosuite,True,"{'ToStringStyle_ESTest#test080', 'ToStringStyle_ESTest#test112', 'ToStringStyle_ESTest#test076', 'ToStringStyle_ESTest#test057'}",/local/tmp.11144378/study-execution/nimrod-hunoroutput-test-dest/commons-lang/3f900a7395e31eaa72e0fa2fb43c090e5a8fa4ed/evosuite_2,org.apache.commons.lang3.builder.ToStringStyle,isRegistered(Object)boolean
commons-lang,3f900a7395e31eaa72e0fa2fb43c090e5a8fa4ed,496525b0d626dd5049528cdef61d71681154b660,randoop,NONE,set(),NO-INFORMATION,org.apache.commons.lang3.builder.ToStringStyle,isRegistered(Object)boolean
commons-lang,3f900a7395e31eaa72e0fa2fb43c090e5a8fa4ed,496525b0d626dd5049528cdef61d71681154b660,differential-evosuite,False,set(),/local/tmp.11144378/study-execution/nimrod-hunoroutput-test-dest/commons-lang/3f900a7395e31eaa72e0fa2fb43c090e5a8fa4ed/evosuite_3,org.apache.commons.lang3.builder.ToStringStyle,getRegistry()Map
commons-lang,3f900a7395e31eaa72e0fa2fb43c090e5a8fa4ed,496525b0d626dd5049528cdef61d71681154b660,evosuite,True,"{'ToStringStyle_ESTest#test098', 'ToStringStyle_ESTest#test057', 'ToStringStyle_ESTest#test014'}",/local/tmp.11144378/study-execution/nimrod-hunoroutput-test-dest/commons-lang/3f900a7395e31eaa72e0fa2fb43c090e5a8fa4ed/evosuite_4,org.apache.commons.lang3.builder.ToStringStyle,getRegistry()Map
commons-lang,3f900a7395e31eaa72e0fa2fb43c090e5a8fa4ed,496525b0d626dd5049528cdef61d71681154b660,randoop,NONE,set(),NO-INFORMATION,org.apache.commons.lang3.builder.ToStringStyle,getRegistry()Map
commons-lang,48bf241d4149919e0928e39616bee2e3783e2987,80bd78ea0685d28ddec9b8162d652db9dec949ce,differential-evosuite,True,{'ArrayUtils_ESTest#test0'},/local/tmp.11144378/study-execution/nimrod-hunoroutput-test-dest/commons-lang/48bf241d4149919e0928e39616bee2e3783e2987/evosuite_1,org.apache.commons.lang3.ArrayUtils,add(T[]| int| T)<
commons-lang,48bf241d4149919e0928e39616bee2e3783e2987,80bd78ea0685d28ddec9b8162d652db9dec949ce,evosuite,False,set(),/local/tmp.11144378/study-execution/nimrod-hunoroutput-test-dest/commons-lang/48bf241d4149919e0928e39616bee2e3783e2987/evosuite_2,org.apache.commons.lang3.ArrayUtils,add(T[]| int| T)<
commons-lang,48bf241d4149919e0928e39616bee2e3783e2987,80bd78ea0685d28ddec9b8162d652db9dec949ce,randoop,False,set(),/local/tmp.11144378/study-execution/nimrod-hunoroutput-test-dest/commons-lang/48bf241d4149919e0928e39616bee2e3783e2987/randoop_1,org.apache.commons.lang3.ArrayUtils,add(T[]| int| T)<
commons-lang,48bf241d4149919e0928e39616bee2e3783e2987,80bd78ea0685d28ddec9b8162d652db9dec949ce,differential-evosuite,True,{'ArrayUtils_ESTest#test0'},/local/tmp.11144378/study-execution/nimrod-hunoroutput-test-dest/commons-lang/48bf241d4149919e0928e39616bee2e3783e2987/evosuite_3,org.apache.commons.lang3.ArrayUtils,add(T[]| T)<
commons-lang,48bf241d4149919e0928e39616bee2e3783e2987,80bd78ea0685d28ddec9b8162d652db9dec949ce,evosuite,False,set(),/local/tmp.11144378/study-execution/nimrod-hunoroutput-test-dest/commons-lang/48bf241d4149919e0928e39616bee2e3783e2987/evosuite_4,org.apache.commons.lang3.ArrayUtils,add(T[]| T)<
commons-lang,48bf241d4149919e0928e39616bee2e3783e2987,80bd78ea0685d28ddec9b8162d652db9dec949ce,randoop,False,set(),/local/tmp.11144378/study-execution/nimrod-hunoroutput-test-dest/commons-lang/48bf241d4149919e0928e39616bee2e3783e2987/randoop_2,org.apache.commons.lang3.ArrayUtils,add(T[]| T)<
commons-lang,ec0c4e5508dbd8af83253f7c50f8b728a1003388,da0612b348fcfa7679b92a5e9b8e1603e8e2da3a,differential-evosuite,True,{'NumberUtils_ESTest#test0'},/local/tmp.11144378/study-execution/nimrod-hunoroutput-test-dest/commons-lang/ec0c4e5508dbd8af83253f7c50f8b728a1003388/evosuite_1,org.apache.commons.lang3.math.NumberUtils,isNumber(String)boolean
commons-lang,ec0c4e5508dbd8af83253f7c50f8b728a1003388,da0612b348fcfa7679b92a5e9b8e1603e8e2da3a,evosuite,False,set(),/local/tmp.11144378/study-execution/nimrod-hunoroutput-test-dest/commons-lang/ec0c4e5508dbd8af83253f7c50f8b728a1003388/evosuite_2,org.apache.commons.lang3.math.NumberUtils,isNumber(String)boolean
commons-lang,ec0c4e5508dbd8af83253f7c50f8b728a1003388,da0612b348fcfa7679b92a5e9b8e1603e8e2da3a,randoop,False,set(),/local/tmp.11144378/study-execution/nimrod-hunoroutput-test-dest/commons-lang/ec0c4e5508dbd8af83253f7c50f8b728a1003388/randoop_1,org.apache.commons.lang3.math.NumberUtils,isNumber(String)boolean
commons-lang,ec0c4e5508dbd8af83253f7c50f8b728a1003388,da0612b348fcfa7679b92a5e9b8e1603e8e2da3a,differential-evosuite,True,{'NumberUtils_ESTest#test0'},/local/tmp.11144378/study-execution/nimrod-hunoroutput-test-dest/commons-lang/ec0c4e5508dbd8af83253f7c50f8b728a1003388/evosuite_3,org.apache.commons.lang3.math.NumberUtils,createNumber(String)Number
commons-lang,ec0c4e5508dbd8af83253f7c50f8b728a1003388,da0612b348fcfa7679b92a5e9b8e1603e8e2da3a,evosuite,False,set(),/local/tmp.11144378/study-execution/nimrod-hunoroutput-test-dest/commons-lang/ec0c4e5508dbd8af83253f7c50f8b728a1003388/evosuite_4,org.apache.commons.lang3.math.NumberUtils,createNumber(String)Number
commons-lang,ec0c4e5508dbd8af83253f7c50f8b728a1003388,da0612b348fcfa7679b92a5e9b8e1603e8e2da3a,randoop,False,set(),/local/tmp.11144378/study-execution/nimrod-hunoroutput-test-dest/commons-lang/ec0c4e5508dbd8af83253f7c50f8b728a1003388/randoop_2,org.apache.commons.lang3.math.NumberUtils,createNumber(String)Number
commons-lang,b5906d3f325ca3a1147d5fa68912975e2e6c347e,ea140fb5c327e2b58f6c5bf1057c7dede909a50c,differential-evosuite,False,set(),/local/tmp.11144378/study-execution/nimrod-hunoroutput-test-dest/commons-lang/b5906d3f325ca3a1147d5fa68912975e2e6c347e/evosuite_1,org.apache.commons.lang3.ArrayUtils,addAll(T[]| T)<
commons-lang,b5906d3f325ca3a1147d5fa68912975e2e6c347e,ea140fb5c327e2b58f6c5bf1057c7dede909a50c,evosuite,False,set(),/local/tmp.11144378/study-execution/nimrod-hunoroutput-test-dest/commons-lang/b5906d3f325ca3a1147d5fa68912975e2e6c347e/evosuite_2,org.apache.commons.lang3.ArrayUtils,addAll(T[]| T)<
commons-lang,b5906d3f325ca3a1147d5fa68912975e2e6c347e,ea140fb5c327e2b58f6c5bf1057c7dede909a50c,randoop,True,{'RegressionTest1#test221'},/local/tmp.11144378/study-execution/nimrod-hunoroutput-test-dest/commons-lang/b5906d3f325ca3a1147d5fa68912975e2e6c347e/randoop_1,org.apache.commons.lang3.ArrayUtils,addAll(T[]| T)<
commons-lang,e28c95ac2ce95852add84bdf3d2d9c00ac98f5de,a95e76eefb91bdd9cf1c22734874a3d3c95ed327,differential-evosuite,False,set(),/local/tmp.11144378/study-execution/nimrod-hunoroutput-test-dest/commons-lang/e28c95ac2ce95852add84bdf3d2d9c00ac98f5de/evosuite_1,org.apache.commons.lang3.time.FastDateFormat,format(Calendar| StringBuffer)StringBuffer
commons-lang,e28c95ac2ce95852add84bdf3d2d9c00ac98f5de,a95e76eefb91bdd9cf1c22734874a3d3c95ed327,evosuite,False,set(),/local/tmp.11144378/study-execution/nimrod-hunoroutput-test-dest/commons-lang/e28c95ac2ce95852add84bdf3d2d9c00ac98f5de/evosuite_2,org.apache.commons.lang3.time.FastDateFormat,format(Calendar| StringBuffer)StringBuffer
commons-lang,e28c95ac2ce95852add84bdf3d2d9c00ac98f5de,a95e76eefb91bdd9cf1c22734874a3d3c95ed327,randoop,False,set(),/local/tmp.11144378/study-execution/nimrod-hunoroutput-test-dest/commons-lang/e28c95ac2ce95852add84bdf3d2d9c00ac98f5de/randoop_1,org.apache.commons.lang3.time.FastDateFormat,format(Calendar| StringBuffer)StringBuffer
commons-lang,0aa57f04ede369a4f813bbb86d3eac1ed20b084c,cb40e35f5e0990fad4c5278964fcc24e112dde8c,differential-evosuite,True,{'StringUtils_ESTest#test0'},/local/tmp.11144378/study-execution/nimrod-hunoroutput-test-dest/commons-lang/0aa57f04ede369a4f813bbb86d3eac1ed20b084c/evosuite_1,org.apache.commons.lang3.StringUtils,replaceEach(String| String[]| String[]| boolean| int)String
commons-lang,0aa57f04ede369a4f813bbb86d3eac1ed20b084c,cb40e35f5e0990fad4c5278964fcc24e112dde8c,evosuite,True,{'StringUtils_ESTest#test165'},/local/tmp.11144378/study-execution/nimrod-hunoroutput-test-dest/commons-lang/0aa57f04ede369a4f813bbb86d3eac1ed20b084c/evosuite_2,org.apache.commons.lang3.StringUtils,replaceEach(String| String[]| String[]| boolean| int)String
commons-lang,0aa57f04ede369a4f813bbb86d3eac1ed20b084c,cb40e35f5e0990fad4c5278964fcc24e112dde8c,randoop,NONE,set(),NO-INFORMATION,org.apache.commons.lang3.StringUtils,replaceEach(String| String[]| String[]| boolean| int)String
commons-lang,c72adf1b7592f302b8abefdb3b2f95782cc75aa2,8b1a8e178abb46cc048a3982636b8ec4e6ffc8dc,differential-evosuite,False,set(),/local/tmp.11144378/study-execution/nimrod-hunoroutput-test-dest/commons-lang/c72adf1b7592f302b8abefdb3b2f95782cc75aa2/evosuite_1,org.apache.commons.lang.StringUtils,containsIgnoreCase(String| String)boolean
commons-lang,c72adf1b7592f302b8abefdb3b2f95782cc75aa2,8b1a8e178abb46cc048a3982636b8ec4e6ffc8dc,evosuite,False,set(),/local/tmp.11144378/study-execution/nimrod-hunoroutput-test-dest/commons-lang/c72adf1b7592f302b8abefdb3b2f95782cc75aa2/evosuite_2,org.apache.commons.lang.StringUtils,containsIgnoreCase(String| String)boolean
commons-lang,c72adf1b7592f302b8abefdb3b2f95782cc75aa2,8b1a8e178abb46cc048a3982636b8ec4e6ffc8dc,randoop,NONE,set(),NO-INFORMATION,org.apache.commons.lang.StringUtils,containsIgnoreCase(String| String)boolean
commons-lang,ac58807ede6d9a0625b489cdca6fd37bad9cacfe,4d3629f310e84cc24c0e5f09d97f5126692d0128,differential-evosuite,True,{'ClassUtils_ESTest#test0'},/local/tmp.11144378/study-execution/nimrod-hunoroutput-test-dest/commons-lang/ac58807ede6d9a0625b489cdca6fd37bad9cacfe/evosuite_1,org.apache.commons.lang.ClassUtils,static block
commons-lang,ac58807ede6d9a0625b489cdca6fd37bad9cacfe,4d3629f310e84cc24c0e5f09d97f5126692d0128,evosuite,True,"{'ClassUtils_ESTest#test14', 'ClassUtils_ESTest#test21', 'ClassUtils_ESTest#test12', 'ClassUtils_ESTest#test04', 'ClassUtils_ESTest#test53', 'ClassUtils_ESTest#test61', 'ClassUtils_ESTest#test11', 'ClassUtils_ESTest#test64', 'ClassUtils_ESTest#test17'}",/local/tmp.11144378/study-execution/nimrod-hunoroutput-test-dest/commons-lang/ac58807ede6d9a0625b489cdca6fd37bad9cacfe/evosuite_2,org.apache.commons.lang.ClassUtils,static block
commons-lang,ac58807ede6d9a0625b489cdca6fd37bad9cacfe,4d3629f310e84cc24c0e5f09d97f5126692d0128,randoop,True,"{'RegressionTest2#test047', 'RegressionTest1#test218', 'RegressionTest1#test132', 'RegressionTest2#test199', 'RegressionTest1#test456', 'RegressionTest0#test212', 'RegressionTest1#test335', 'RegressionTest2#test268', 'RegressionTest1#test352', 'RegressionTest1#test292', 'RegressionTest1#test496', 'RegressionTest2#test033', 'RegressionTest2#test077', 'RegressionTest2#test064', 'RegressionTest1#test301', 'RegressionTest1#test417', 'RegressionTest2#test013', 'RegressionTest1#test461', 'RegressionTest0#test342', 'RegressionTest2#test056', 'RegressionTest1#test223', 'RegressionTest0#test427', 'RegressionTest1#test290', 'RegressionTest1#test129', 'RegressionTest2#test137', 'RegressionTest2#test117', 'RegressionTest2#test224', 'RegressionTest0#test305', 'RegressionTest1#test017', 'RegressionTest1#test336', 'RegressionTest2#test012', 'RegressionTest1#test443', 'RegressionTest2#test256', 'RegressionTest1#test027', 'RegressionTest2#test203', 'RegressionTest2#test219', 'RegressionTest1#test331', 'RegressionTest1#test063', 'RegressionTest1#test322', 'RegressionTest2#test080', 'RegressionTest2#test212', 'RegressionTest1#test056', 'RegressionTest1#test307', 'RegressionTest1#test418', 'RegressionTest1#test466', 'RegressionTest2#test257', 'RegressionTest1#test321', 'RegressionTest1#test222', 'RegressionTest2#test230', 'RegressionTest0#test362', 'RegressionTest2#test270', 'RegressionTest0#test498', 'RegressionTest0#test314', 'RegressionTest1#test183', 'RegressionTest2#test187', 'RegressionTest0#test480', 'RegressionTest1#test119', 'RegressionTest2#test157', 'RegressionTest1#test431', 'RegressionTest2#test217', 'RegressionTest1#test221', 'RegressionTest0#test499', 'RegressionTest0#test373', 'RegressionTest1#test265', 'RegressionTest2#test069', 'RegressionTest1#test023', 'RegressionTest1#test036', 'RegressionTest1#test237', 'RegressionTest2#test148', 'RegressionTest0#test249', 'RegressionTest1#test259', 'RegressionTest1#test146', 'RegressionTest2#test183', 'RegressionTest2#test170', 'RegressionTest1#test468', 'RegressionTest2#test259', 'RegressionTest1#test483', 'RegressionTest0#test351', 'RegressionTest2#test057', 'RegressionTest2#test249', 'RegressionTest1#test274', 'RegressionTest1#test136', 'RegressionTest1#test316', 'RegressionTest0#test282', 'RegressionTest1#test287', 'RegressionTest1#test244', 'RegressionTest1#test155', 'RegressionTest0#test233', 'RegressionTest0#test237', 'RegressionTest1#test238', 'RegressionTest1#test191', 'RegressionTest1#test394', 'RegressionTest0#test462', 'RegressionTest1#test200', 'RegressionTest2#test085', 'RegressionTest1#test478', 'RegressionTest1#test194', 'RegressionTest2#test229', 'RegressionTest1#test151', 'RegressionTest1#test233', 'RegressionTest0#test394', 'RegressionTest1#test320', 'RegressionTest1#test326', 'RegressionTest1#test350', 'RegressionTest1#test067', 'RegressionTest1#test416', 'RegressionTest1#test204', 'RegressionTest2#test098', 'RegressionTest1#test387', 'RegressionTest0#test387', 'RegressionTest2#test179', 'RegressionTest2#test119', 'RegressionTest0#test280', 'RegressionTest1#test430', 'RegressionTest2#test049', 'RegressionTest1#test008', 'RegressionTest2#test024', 'RegressionTest1#test181', 'RegressionTest1#test286', 'RegressionTest2#test078', 'RegressionTest1#test139', 'RegressionTest2#test128', 'RegressionTest1#test439', 'RegressionTest0#test045', 'RegressionTest1#test396', 'RegressionTest0#test494', 'RegressionTest0#test292', 'RegressionTest1#test232', 'RegressionTest2#test066', 'RegressionTest1#test173', 'RegressionTest1#test029', 'RegressionTest1#test042', 'RegressionTest1#test398', 'RegressionTest1#test198', 'RegressionTest2#test123', 'RegressionTest0#test328', 'RegressionTest1#test389', 'RegressionTest1#test280', 'RegressionTest2#test023', 'RegressionTest2#test188', 'RegressionTest1#test143', 'RegressionTest1#test263', 'RegressionTest0#test198', 'RegressionTest1#test400', 'RegressionTest1#test122', 'RegressionTest2#test076', 'RegressionTest2#test133', 'RegressionTest1#test208', 'RegressionTest0#test412', 'RegressionTest2#test262', 'RegressionTest1#test109', 'RegressionTest0#test320', 'RegressionTest1#test330', 'RegressionTest0#test472', 'RegressionTest2#test072', 'RegressionTest1#test253', 'RegressionTest2#test059', 'RegressionTest1#test065', 'RegressionTest1#test317', 'RegressionTest1#test114', 'RegressionTest1#test492', 'RegressionTest2#test007', 'RegressionTest0#test452', 'RegressionTest1#test309', 'RegressionTest2#test252', 'RegressionTest1#test429', 'RegressionTest2#test074', 'RegressionTest1#test305', 'RegressionTest1#test230', 'RegressionTest1#test370', 'RegressionTest1#test437', 'RegressionTest1#test357', 'RegressionTest1#test448', 'RegressionTest2#test018', 'RegressionTest2#test044', 'RegressionTest2#test174', 'RegressionTest1#test178', 'RegressionTest2#test247', 'RegressionTest1#test180', 'RegressionTest1#test108', 'RegressionTest0#test448', 'RegressionTest1#test367', 'RegressionTest0#test159', 'RegressionTest1#test215', 'RegressionTest0#test357', 'RegressionTest2#test003', 'RegressionTest1#test160', 'RegressionTest1#test040', 'RegressionTest2#test036', 'RegressionTest1#test269', 'RegressionTest1#test032', 'RegressionTest1#test115', 'RegressionTest1#test214', 'RegressionTest1#test120', 'RegressionTest2#test083', 'RegressionTest1#test384', 'RegressionTest1#test368', 'RegressionTest2#test225', 'RegressionTest2#test010', 'RegressionTest1#test308', 'RegressionTest2#test091', 'RegressionTest2#test011', 'RegressionTest1#test195', 'RegressionTest1#test433', 'RegressionTest1#test369', 'RegressionTest1#test069', 'RegressionTest1#test304', 'RegressionTest2#test216', 'RegressionTest1#test128', 'RegressionTest1#test371', 'RegressionTest1#test072', 'RegressionTest1#test366', 'RegressionTest1#test403', 'RegressionTest2#test075', 'RegressionTest0#test044', 'RegressionTest1#test401', 'RegressionTest1#test328', 'RegressionTest2#test084', 'RegressionTest1#test134', 'RegressionTest0#test372', 'RegressionTest2#test222', 'RegressionTest1#test332', 'RegressionTest1#test060', 'RegressionTest2#test166', 'RegressionTest1#test251', 'RegressionTest2#test269', 'RegressionTest1#test117', 'RegressionTest2#test121', 'RegressionTest0#test469', 'RegressionTest2#test031', 'RegressionTest0#test311', 'RegressionTest2#test251', 'RegressionTest0#test489', 'RegressionTest2#test082', 'RegressionTest2#test204', 'RegressionTest1#test268', 'RegressionTest2#test169', 'RegressionTest0#test451', 'RegressionTest0#test304', 'RegressionTest1#test001', 'RegressionTest1#test064', 'RegressionTest2#test184', 'RegressionTest2#test055', 'RegressionTest0#test417', 'RegressionTest2#test209', 'RegressionTest2#test159', 'RegressionTest2#test006', 'RegressionTest1#test493', 'RegressionTest1#test485', 'RegressionTest2#test236', 'RegressionTest1#test254', 'RegressionTest2#test135', 'RegressionTest0#test465', 'RegressionTest2#test233', 'RegressionTest2#test154', 'RegressionTest1#test212', 'RegressionTest1#test270', 'RegressionTest1#test441', 'RegressionTest2#test043', 'RegressionTest0#test191', 'RegressionTest0#test370', 'RegressionTest0#test382', 'RegressionTest1#test271', 'RegressionTest1#test423', 'RegressionTest2#test132', 'RegressionTest0#test352', 'RegressionTest2#test205', 'RegressionTest1#test455', 'RegressionTest2#test168', 'RegressionTest2#test178', 'RegressionTest1#test236', 'RegressionTest0#test131', 'RegressionTest2#test255', 'RegressionTest2#test112', 'RegressionTest2#test267', 'RegressionTest0#test490', 'RegressionTest2#test232', 'RegressionTest0#test426', 'RegressionTest1#test282', 'RegressionTest2#test138', 'RegressionTest0#test450', 'RegressionTest2#test211', 'RegressionTest2#test227', 'RegressionTest1#test435', 'RegressionTest2#test118', 'RegressionTest2#test025', 'RegressionTest0#test429', 'RegressionTest2#test235', 'RegressionTest0#test330', 'RegressionTest1#test476', 'RegressionTest2#test001', 'RegressionTest0#test318', 'RegressionTest0#test416', 'RegressionTest1#test207', 'RegressionTest0#test196', 'RegressionTest2#test200', 'RegressionTest1#test303', 'RegressionTest1#test361', 'RegressionTest0#test300', 'RegressionTest2#test029', 'RegressionTest1#test171', 'RegressionTest1#test405', 'RegressionTest2#test100', 'RegressionTest1#test175', 'RegressionTest0#test219', 'RegressionTest2#test266', 'RegressionTest2#test250', 'RegressionTest0#test424', 'RegressionTest1#test480', 'RegressionTest1#test454', 'RegressionTest1#test002', 'RegressionTest1#test257', 'RegressionTest1#test380', 'RegressionTest1#test484', 'RegressionTest2#test161', 'RegressionTest0#test477', 'RegressionTest2#test173', 'RegressionTest0#test438', 'RegressionTest2#test226', 'RegressionTest0#test401', 'RegressionTest1#test087', 'RegressionTest0#test367', 'RegressionTest1#test284', 'RegressionTest2#test223', 'RegressionTest2#test017', 'RegressionTest1#test298', 'RegressionTest1#test080', 'RegressionTest2#test147', 'RegressionTest1#test338', 'RegressionTest0#test458', 'RegressionTest2#test181', 'RegressionTest1#test457', 'RegressionTest0#test474', 'RegressionTest0#test442', 'RegressionTest1#test073', 'RegressionTest1#test373', 'RegressionTest1#test131', 'RegressionTest1#test463', 'RegressionTest1#test494', 'RegressionTest1#test390', 'RegressionTest1#test227', 'RegressionTest1#test102', 'RegressionTest1#test281', 'RegressionTest1#test346', 'RegressionTest1#test337', 'RegressionTest1#test169', 'RegressionTest1#test199', 'RegressionTest1#test046', 'RegressionTest1#test091', 'RegressionTest2#test016', 'RegressionTest0#test243', 'RegressionTest2#test176', 'RegressionTest1#test283', 'RegressionTest1#test111', 'RegressionTest2#test099', 'RegressionTest1#test172', 'RegressionTest2#test193', 'RegressionTest1#test241', 'RegressionTest1#test100', 'RegressionTest0#test134', 'RegressionTest1#test488', 'RegressionTest1#test188', 'RegressionTest2#test021', 'RegressionTest0#test385', 'RegressionTest1#test037', 'RegressionTest1#test113', 'RegressionTest0#test369', 'RegressionTest1#test482', 'RegressionTest2#test139', 'RegressionTest2#test202', 'RegressionTest1#test453', 'RegressionTest1#test149', 'RegressionTest2#test090', 'RegressionTest1#test041', 'RegressionTest1#test356', 'RegressionTest1#test473', 'RegressionTest1#test377', 'RegressionTest2#test008', 'RegressionTest0#test423', 'RegressionTest2#test092', 'RegressionTest1#test475', 'RegressionTest0#test356', 'RegressionTest2#test189', 'RegressionTest1#test379', 'RegressionTest2#test208', 'RegressionTest2#test246', 'RegressionTest1#test474', 'RegressionTest1#test229', 'RegressionTest1#test202', 'RegressionTest1#test481', 'RegressionTest2#test070', 'RegressionTest1#test096', 'RegressionTest1#test489', 'RegressionTest1#test442', 'RegressionTest1#test211', 'RegressionTest1#test477', 'RegressionTest2#test180', 'RegressionTest0#test130', 'RegressionTest1#test258', 'RegressionTest2#test027', 'RegressionTest1#test058', 'RegressionTest1#test487', 'RegressionTest2#test218', 'RegressionTest1#test243', 'RegressionTest2#test103', 'RegressionTest1#test381', 'RegressionTest1#test498', 'RegressionTest1#test247', 'RegressionTest1#test127', 'RegressionTest2#test165', 'RegressionTest2#test167', 'RegressionTest0#test432', 'RegressionTest0#test156', 'RegressionTest0#test457', 'RegressionTest1#test177', 'RegressionTest2#test237', 'RegressionTest1#test193', 'RegressionTest1#test422', 'RegressionTest0#test346', 'RegressionTest2#test244', 'RegressionTest1#test168', 'RegressionTest1#test382', 'RegressionTest2#test220', 'RegressionTest1#test154', 'RegressionTest1#test385', 'RegressionTest1#test166', 'RegressionTest0#test453', 'RegressionTest1#test137', 'RegressionTest1#test341', 'RegressionTest0#test375', 'RegressionTest1#test118', 'RegressionTest2#test050', 'RegressionTest1#test391', 'RegressionTest1#test110', 'RegressionTest1#test329', 'RegressionTest2#test213', 'RegressionTest2#test265', 'RegressionTest1#test406', 'RegressionTest2#test142', 'RegressionTest1#test495', 'RegressionTest1#test450', 'RegressionTest2#test140', 'RegressionTest1#test147', 'RegressionTest1#test490', 'RegressionTest1#test049', 'RegressionTest1#test248', 'RegressionTest2#test120', 'RegressionTest0#test368', 'RegressionTest2#test063', 'RegressionTest0#test478', 'RegressionTest1#test340', 'RegressionTest1#test411', 'RegressionTest2#test175', 'RegressionTest1#test262', 'RegressionTest1#test010', 'RegressionTest2#test041', 'RegressionTest2#test228', 'RegressionTest1#test209', 'RegressionTest2#test239', 'RegressionTest0#test307', 'RegressionTest1#test447', 'RegressionTest2#test144', 'RegressionTest2#test096', 'RegressionTest0#test403', 'RegressionTest2#test038', 'RegressionTest1#test295', 'RegressionTest1#test066', 'RegressionTest1#test182', 'RegressionTest1#test185', 'RegressionTest0#test482', 'RegressionTest1#test323', 'RegressionTest0#test397', 'RegressionTest1#test424', 'RegressionTest2#test149', 'RegressionTest2#test155', 'RegressionTest2#test192'}",/local/tmp.11144378/study-execution/nimrod-hunoroutput-test-dest/commons-lang/ac58807ede6d9a0625b489cdca6fd37bad9cacfe/randoop_1,org.apache.commons.lang.ClassUtils,static block
commons-lang,ac58807ede6d9a0625b489cdca6fd37bad9cacfe,4d3629f310e84cc24c0e5f09d97f5126692d0128,differential-evosuite,True,{'ClassUtils_ESTest#test0'},/local/tmp.11144378/study-execution/nimrod-hunoroutput-test-dest/commons-lang/ac58807ede6d9a0625b489cdca6fd37bad9cacfe/evosuite_3,org.apache.commons.lang.ClassUtils,getPackageName(String)String
commons-lang,ac58807ede6d9a0625b489cdca6fd37bad9cacfe,4d3629f310e84cc24c0e5f09d97f5126692d0128,evosuite,True,"{'ClassUtils_ESTest#test14', 'ClassUtils_ESTest#test68', 'ClassUtils_ESTest#test24', 'ClassUtils_ESTest#test75', 'ClassUtils_ESTest#test71', 'ClassUtils_ESTest#test01', 'ClassUtils_ESTest#test74', 'ClassUtils_ESTest#test05', 'ClassUtils_ESTest#test55'}",/local/tmp.11144378/study-execution/nimrod-hunoroutput-test-dest/commons-lang/ac58807ede6d9a0625b489cdca6fd37bad9cacfe/evosuite_4,org.apache.commons.lang.ClassUtils,getPackageName(String)String
commons-lang,ac58807ede6d9a0625b489cdca6fd37bad9cacfe,4d3629f310e84cc24c0e5f09d97f5126692d0128,randoop,True,"{'RegressionTest0#test475', 'RegressionTest2#test102', 'RegressionTest1#test261', 'RegressionTest2#test143', 'RegressionTest1#test033', 'RegressionTest1#test179', 'RegressionTest0#test347', 'RegressionTest2#test064', 'RegressionTest2#test152', 'RegressionTest2#test195', 'RegressionTest1#test417', 'RegressionTest2#test013', 'RegressionTest1#test318', 'RegressionTest2#test101', 'RegressionTest0#test342', 'RegressionTest2#test136', 'RegressionTest2#test045', 'RegressionTest2#test231', 'RegressionTest2#test137', 'RegressionTest2#test117', 'RegressionTest0#test305', 'RegressionTest1#test017', 'RegressionTest2#test012', 'RegressionTest1#test324', 'RegressionTest1#test443', 'RegressionTest2#test248', 'RegressionTest2#test203', 'RegressionTest2#test212', 'RegressionTest2#test051', 'RegressionTest2#test295', 'RegressionTest1#test153', 'RegressionTest1#test393', 'RegressionTest1#test404', 'RegressionTest1#test222', 'RegressionTest2#test040', 'RegressionTest2#test270', 'RegressionTest0#test480', 'RegressionTest1#test431', 'RegressionTest0#test499', 'RegressionTest2#test157', 'RegressionTest1#test047', 'RegressionTest2#test039', 'RegressionTest0#test476', 'RegressionTest0#test325', 'RegressionTest1#test415', 'RegressionTest1#test053', 'RegressionTest1#test445', 'RegressionTest0#test437', 'RegressionTest2#test131', 'RegressionTest2#test048', 'RegressionTest1#test237', 'RegressionTest0#test446', 'RegressionTest1#test250', 'RegressionTest1#test259', 'RegressionTest2#test170', 'RegressionTest2#test312', 'RegressionTest1#test311', 'RegressionTest2#test259', 'RegressionTest2#test234', 'RegressionTest2#test249', 'RegressionTest1#test158', 'RegressionTest2#test162', 'RegressionTest1#test095', 'RegressionTest1#test497', 'RegressionTest1#test136', 'RegressionTest2#test110', 'RegressionTest0#test404', 'RegressionTest1#test287', 'RegressionTest2#test071', 'RegressionTest0#test233', 'RegressionTest1#test238', 'RegressionTest1#test394', 'RegressionTest1#test397', 'RegressionTest2#test089', 'RegressionTest1#test200', 'RegressionTest1#test478', 'RegressionTest1#test233', 'RegressionTest2#test108', 'RegressionTest1#test273', 'RegressionTest1#test320', 'RegressionTest1#test326', 'RegressionTest0#test495', 'RegressionTest2#test291', 'RegressionTest1#test416', 'RegressionTest1#test314', 'RegressionTest1#test018', 'RegressionTest0#test470', 'RegressionTest1#test451', 'RegressionTest2#test107', 'RegressionTest2#test179', 'RegressionTest0#test280', 'RegressionTest1#test430', 'RegressionTest2#test024', 'RegressionTest1#test181', 'RegressionTest1#test286', 'RegressionTest1#test085', 'RegressionTest2#test078', 'RegressionTest0#test487', 'RegressionTest1#test097', 'RegressionTest1#test201', 'RegressionTest1#test396', 'RegressionTest0#test292', 'RegressionTest1#test232', 'RegressionTest1#test173', 'RegressionTest1#test196', 'RegressionTest1#test280', 'RegressionTest2#test188', 'RegressionTest0#test301', 'RegressionTest0#test299', 'RegressionTest1#test378', 'RegressionTest2#test293', 'RegressionTest2#test141', 'RegressionTest1#test400', 'RegressionTest2#test207', 'RegressionTest1#test009', 'RegressionTest1#test208', 'RegressionTest1#test099', 'RegressionTest2#test262', 'RegressionTest1#test469', 'RegressionTest0#test281', 'RegressionTest0#test279', 'RegressionTest1#test114', 'RegressionTest2#test299', 'RegressionTest2#test007', 'RegressionTest1#test089', 'RegressionTest2#test109', 'RegressionTest1#test358', 'RegressionTest2#test252', 'RegressionTest1#test429', 'RegressionTest2#test074', 'RegressionTest1#test007', 'RegressionTest1#test305', 'RegressionTest1#test230', 'RegressionTest1#test370', 'RegressionTest2#test081', 'RegressionTest2#test026', 'RegressionTest1#test437', 'RegressionTest2#test018', 'RegressionTest2#test044', 'RegressionTest2#test247', 'RegressionTest1#test180', 'RegressionTest1#test409', 'RegressionTest0#test159', 'RegressionTest1#test215', 'RegressionTest1#test452', 'RegressionTest1#test160', 'RegressionTest1#test040', 'RegressionTest2#test215', 'RegressionTest1#test115', 'RegressionTest1#test214', 'RegressionTest2#test083', 'RegressionTest1#test384', 'RegressionTest1#test368', 'RegressionTest2#test010', 'RegressionTest1#test308', 'RegressionTest1#test402', 'RegressionTest2#test242', 'RegressionTest2#test011', 'RegressionTest1#test145', 'RegressionTest2#test126', 'RegressionTest1#test433', 'RegressionTest1#test369', 'RegressionTest2#test198', 'RegressionTest0#test488', 'RegressionTest2#test216', 'RegressionTest1#test079', 'RegressionTest1#test366', 'RegressionTest2#test111', 'RegressionTest2#test075', 'RegressionTest1#test264', 'RegressionTest1#test401', 'RegressionTest1#test328', 'RegressionTest2#test084', 'RegressionTest1#test083', 'RegressionTest1#test003', 'RegressionTest0#test483', 'RegressionTest1#test134', 'RegressionTest0#test372', 'RegressionTest1#test325', 'RegressionTest2#test222', 'RegressionTest0#test275', 'RegressionTest1#test351', 'RegressionTest1#test486', 'RegressionTest0#test456', 'RegressionTest0#test145', 'RegressionTest1#test014', 'RegressionTest2#test251', 'RegressionTest0#test489', 'RegressionTest2#test082', 'RegressionTest1#test174', 'RegressionTest1#test031', 'RegressionTest2#test184', 'RegressionTest2#test067', 'RegressionTest0#test417', 'RegressionTest2#test209', 'RegressionTest2#test159', 'RegressionTest2#test135', 'RegressionTest2#test233', 'RegressionTest2#test279', 'RegressionTest2#test154', 'RegressionTest1#test270', 'RegressionTest1#test441', 'RegressionTest2#test043', 'RegressionTest1#test025', 'RegressionTest2#test300', 'RegressionTest1#test271', 'RegressionTest1#test423', 'RegressionTest2#test132', 'RegressionTest2#test093', 'RegressionTest2#test287', 'RegressionTest0#test352', 'RegressionTest2#test205', 'RegressionTest1#test455', 'RegressionTest1#test428', 'RegressionTest0#test341', 'RegressionTest2#test178', 'RegressionTest2#test112', 'RegressionTest0#test234', 'RegressionTest2#test005', 'RegressionTest2#test273', 'RegressionTest0#test490', 'RegressionTest2#test305', 'RegressionTest1#test282', 'RegressionTest2#test138', 'RegressionTest0#test102', 'RegressionTest1#test163', 'RegressionTest2#test227', 'RegressionTest1#test435', 'RegressionTest2#test118', 'RegressionTest1#test476', 'RegressionTest2#test001', 'RegressionTest1#test019', 'RegressionTest1#test303', 'RegressionTest2#test029', 'RegressionTest1#test015', 'RegressionTest1#test171', 'RegressionTest1#test405', 'RegressionTest1#test175', 'RegressionTest1#test152', 'RegressionTest2#test266', 'RegressionTest1#test124', 'RegressionTest2#test286', 'RegressionTest1#test354', 'RegressionTest2#test250', 'RegressionTest0#test424', 'RegressionTest2#test062', 'RegressionTest1#test345', 'RegressionTest1#test002', 'RegressionTest0#test283', 'RegressionTest1#test380', 'RegressionTest1#test228', 'RegressionTest2#test272', 'RegressionTest1#test093', 'RegressionTest1#test070', 'RegressionTest2#test173', 'RegressionTest2#test294', 'RegressionTest0#test367', 'RegressionTest1#test284', 'RegressionTest1#test298', 'RegressionTest2#test288', 'RegressionTest2#test095', 'RegressionTest0#test285', 'RegressionTest2#test088', 'RegressionTest1#test338', 'RegressionTest2#test181', 'RegressionTest2#test156', 'RegressionTest1#test073', 'RegressionTest1#test494', 'RegressionTest1#test281', 'RegressionTest1#test426', 'RegressionTest2#test186', 'RegressionTest1#test210', 'RegressionTest1#test126', 'RegressionTest1#test169', 'RegressionTest2#test298', 'RegressionTest0#test408', 'RegressionTest0#test441', 'RegressionTest1#test091', 'RegressionTest1#test427', 'RegressionTest0#test439', 'RegressionTest2#test016', 'RegressionTest1#test283', 'RegressionTest1#test111', 'RegressionTest1#test172', 'RegressionTest2#test193', 'RegressionTest2#test190', 'RegressionTest1#test013', 'RegressionTest1#test100', 'RegressionTest1#test188', 'RegressionTest2#test021', 'RegressionTest2#test290', 'RegressionTest1#test148', 'RegressionTest1#test482', 'RegressionTest2#test009', 'RegressionTest1#test453', 'RegressionTest0#test459', 'RegressionTest1#test364', 'RegressionTest1#test149', 'RegressionTest1#test288', 'RegressionTest2#test307', 'RegressionTest1#test356', 'RegressionTest1#test377', 'RegressionTest2#test008', 'RegressionTest1#test038', 'RegressionTest2#test092', 'RegressionTest2#test246', 'RegressionTest1#test229', 'RegressionTest0#test420', 'RegressionTest0#test286', 'RegressionTest1#test481', 'RegressionTest1#test211', 'RegressionTest1#test477', 'RegressionTest2#test180', 'RegressionTest1#test258', 'RegressionTest0#test335', 'RegressionTest2#test151', 'RegressionTest0#test381', 'RegressionTest2#test058', 'RegressionTest0#test419', 'RegressionTest2#test218', 'RegressionTest1#test243', 'RegressionTest0#test074', 'RegressionTest1#test226', 'RegressionTest2#test301', 'RegressionTest1#test299', 'RegressionTest2#test237', 'RegressionTest1#test034', 'RegressionTest1#test422', 'RegressionTest1#test432', 'RegressionTest2#test244', 'RegressionTest1#test168', 'RegressionTest0#test164', 'RegressionTest2#test220', 'RegressionTest1#test154', 'RegressionTest1#test385', 'RegressionTest1#test166', 'RegressionTest2#test277', 'RegressionTest1#test436', 'RegressionTest1#test391', 'RegressionTest2#test302', 'RegressionTest1#test329', 'RegressionTest2#test213', 'RegressionTest2#test254', 'RegressionTest2#test265', 'RegressionTest2#test142', 'RegressionTest1#test495', 'RegressionTest2#test283', 'RegressionTest1#test049', 'RegressionTest2#test063', 'RegressionTest0#test445', 'RegressionTest1#test315', 'RegressionTest0#test500', 'RegressionTest1#test499', 'RegressionTest0#test481', 'RegressionTest1#test399', 'RegressionTest2#test303', 'RegressionTest1#test010', 'RegressionTest2#test041', 'RegressionTest2#test228', 'RegressionTest1#test209', 'RegressionTest2#test239', 'RegressionTest0#test376', 'RegressionTest1#test353', 'RegressionTest1#test323', 'RegressionTest0#test397', 'RegressionTest2#test163', 'RegressionTest1#test342', 'RegressionTest2#test028', 'RegressionTest2#test014'}",/local/tmp.11144378/study-execution/nimrod-hunoroutput-test-dest/commons-lang/ac58807ede6d9a0625b489cdca6fd37bad9cacfe/randoop_2,org.apache.commons.lang.ClassUtils,getPackageName(String)String
commons-lang,ac58807ede6d9a0625b489cdca6fd37bad9cacfe,4d3629f310e84cc24c0e5f09d97f5126692d0128,differential-evosuite,True,{'ClassUtils_ESTest#test0'},/local/tmp.11144378/study-execution/nimrod-hunoroutput-test-dest/commons-lang/ac58807ede6d9a0625b489cdca6fd37bad9cacfe/evosuite_5,org.apache.commons.lang.ClassUtils,getShortClassName(String)String
commons-lang,ac58807ede6d9a0625b489cdca6fd37bad9cacfe,4d3629f310e84cc24c0e5f09d97f5126692d0128,evosuite,True,"{'ClassUtils_ESTest#test13', 'ClassUtils_ESTest#test58', 'ClassUtils_ESTest#test18', 'ClassUtils_ESTest#test50', 'ClassUtils_ESTest#test09', 'ClassUtils_ESTest#test01', 'ClassUtils_ESTest#test47', 'ClassUtils_ESTest#test05', 'ClassUtils_ESTest#test51'}",/local/tmp.11144378/study-execution/nimrod-hunoroutput-test-dest/commons-lang/ac58807ede6d9a0625b489cdca6fd37bad9cacfe/evosuite_6,org.apache.commons.lang.ClassUtils,getShortClassName(String)String
commons-lang,ac58807ede6d9a0625b489cdca6fd37bad9cacfe,4d3629f310e84cc24c0e5f09d97f5126692d0128,randoop,True,"{'RegressionTest2#test047', 'RegressionTest1#test098', 'RegressionTest0#test027', 'RegressionTest1#test335', 'RegressionTest2#test102', 'RegressionTest1#test352', 'RegressionTest1#test496', 'RegressionTest2#test116', 'RegressionTest2#test077', 'RegressionTest2#test020', 'RegressionTest2#test195', 'RegressionTest2#test094', 'RegressionTest1#test417', 'RegressionTest2#test013', 'RegressionTest1#test318', 'RegressionTest0#test361', 'RegressionTest2#test101', 'RegressionTest0#test342', 'RegressionTest1#test223', 'RegressionTest1#test187', 'RegressionTest1#test290', 'RegressionTest1#test360', 'RegressionTest1#test376', 'RegressionTest1#test333', 'RegressionTest2#test231', 'RegressionTest1#test129', 'RegressionTest1#test458', 'RegressionTest0#test411', 'RegressionTest2#test122', 'RegressionTest1#test063', 'RegressionTest1#test322', 'RegressionTest1#test021', 'RegressionTest1#test056', 'RegressionTest1#test307', 'RegressionTest1#test116', 'RegressionTest1#test393', 'RegressionTest0#test240', 'RegressionTest0#test362', 'RegressionTest2#test060', 'RegressionTest1#test183', 'RegressionTest2#test217', 'RegressionTest1#test431', 'RegressionTest0#test499', 'RegressionTest2#test157', 'RegressionTest1#test047', 'RegressionTest1#test221', 'RegressionTest0#test476', 'RegressionTest1#test386', 'RegressionTest1#test265', 'RegressionTest2#test197', 'RegressionTest1#test052', 'RegressionTest1#test036', 'RegressionTest2#test048', 'RegressionTest1#test167', 'RegressionTest0#test440', 'RegressionTest1#test220', 'RegressionTest1#test468', 'RegressionTest1#test277', 'RegressionTest2#test054', 'RegressionTest2#test234', 'RegressionTest2#test249', 'RegressionTest0#test348', 'RegressionTest1#test095', 'RegressionTest1#test497', 'RegressionTest1#test136', 'RegressionTest0#test260', 'RegressionTest2#test110', 'RegressionTest0#test282', 'RegressionTest1#test287', 'RegressionTest2#test071', 'RegressionTest1#test238', 'RegressionTest1#test394', 'RegressionTest1#test449', 'RegressionTest2#test089', 'RegressionTest2#test177', 'RegressionTest2#test073', 'RegressionTest1#test278', 'RegressionTest1#test081', 'RegressionTest1#test030', 'RegressionTest1#test151', 'RegressionTest1#test233', 'RegressionTest0#test394', 'RegressionTest1#test082', 'RegressionTest1#test273', 'RegressionTest0#test495', 'RegressionTest0#test239', 'RegressionTest1#test067', 'RegressionTest1#test071', 'RegressionTest1#test314', 'RegressionTest1#test451', 'RegressionTest0#test084', 'RegressionTest2#test119', 'RegressionTest1#test252', 'RegressionTest2#test024', 'RegressionTest1#test181', 'RegressionTest1#test286', 'RegressionTest1#test139', 'RegressionTest2#test128', 'RegressionTest0#test396', 'RegressionTest1#test097', 'RegressionTest1#test294', 'RegressionTest1#test285', 'RegressionTest0#test258', 'RegressionTest2#test066', 'RegressionTest1#test029', 'RegressionTest0#test250', 'RegressionTest1#test042', 'RegressionTest0#test171', 'RegressionTest1#test398', 'RegressionTest1#test198', 'RegressionTest0#test344', 'RegressionTest0#test467', 'RegressionTest0#test484', 'RegressionTest2#test188', 'RegressionTest0#test301', 'RegressionTest1#test245', 'RegressionTest1#test438', 'RegressionTest2#test129', 'RegressionTest2#test141', 'RegressionTest1#test216', 'RegressionTest2#test030', 'RegressionTest1#test109', 'RegressionTest0#test472', 'RegressionTest1#test310', 'RegressionTest1#test246', 'RegressionTest1#test469', 'RegressionTest1#test317', 'RegressionTest0#test293', 'RegressionTest0#test281', 'RegressionTest1#test407', 'RegressionTest1#test492', 'RegressionTest1#test089', 'RegressionTest1#test050', 'RegressionTest1#test309', 'RegressionTest2#test252', 'RegressionTest1#test225', 'RegressionTest1#test230', 'RegressionTest2#test081', 'RegressionTest2#test026', 'RegressionTest1#test357', 'RegressionTest1#test437', 'RegressionTest2#test018', 'RegressionTest2#test044', 'RegressionTest2#test174', 'RegressionTest0#test402', 'RegressionTest0#test127', 'RegressionTest0#test159', 'RegressionTest1#test446', 'RegressionTest1#test452', 'RegressionTest0#test357', 'RegressionTest2#test003', 'RegressionTest1#test160', 'RegressionTest0#test460', 'RegressionTest1#test269', 'RegressionTest1#test115', 'RegressionTest0#test384', 'RegressionTest1#test157', 'RegressionTest1#test368', 'RegressionTest2#test242', 'RegressionTest1#test402', 'RegressionTest1#test105', 'RegressionTest2#test091', 'RegressionTest1#test145', 'RegressionTest1#test433', 'RegressionTest1#test369', 'RegressionTest1#test138', 'RegressionTest2#test198', 'RegressionTest0#test468', 'RegressionTest0#test178', 'RegressionTest1#test101', 'RegressionTest1#test304', 'RegressionTest1#test128', 'RegressionTest1#test255', 'RegressionTest1#test133', 'RegressionTest1#test035', 'RegressionTest0#test317', 'RegressionTest0#test262', 'RegressionTest1#test055', 'RegressionTest1#test401', 'RegressionTest1#test134', 'RegressionTest2#test222', 'RegressionTest1#test434', 'RegressionTest1#test306', 'RegressionTest1#test332', 'RegressionTest1#test060', 'RegressionTest1#test351', 'RegressionTest2#test114', 'RegressionTest2#test121', 'RegressionTest0#test405', 'RegressionTest1#test486', 'RegressionTest0#test456', 'RegressionTest0#test145', 'RegressionTest1#test467', 'RegressionTest2#test251', 'RegressionTest2#test082', 'RegressionTest2#test204', 'RegressionTest1#test275', 'RegressionTest1#test174', 'RegressionTest1#test031', 'RegressionTest2#test042', 'RegressionTest2#test169', 'RegressionTest1#test001', 'RegressionTest1#test064', 'RegressionTest2#test067', 'RegressionTest0#test310', 'RegressionTest0#test417', 'RegressionTest2#test006', 'RegressionTest1#test485', 'RegressionTest1#test254', 'RegressionTest1#test084', 'RegressionTest1#test291', 'RegressionTest1#test088', 'RegressionTest1#test300', 'RegressionTest1#test293', 'RegressionTest2#test185', 'RegressionTest1#test212', 'RegressionTest1#test270', 'RegressionTest2#test214', 'RegressionTest0#test354', 'RegressionTest2#test043', 'RegressionTest0#test485', 'RegressionTest0#test370', 'RegressionTest0#test333', 'RegressionTest0#test382', 'RegressionTest0#test136', 'RegressionTest0#test265', 'RegressionTest1#test104', 'RegressionTest0#test374', 'RegressionTest1#test428', 'RegressionTest1#test022', 'RegressionTest1#test462', 'RegressionTest1#test004', 'RegressionTest2#test005', 'RegressionTest2#test232', 'RegressionTest0#test358', 'RegressionTest2#test206', 'RegressionTest0#test338', 'RegressionTest2#test035', 'RegressionTest2#test138', 'RegressionTest1#test054', 'RegressionTest2#test211', 'RegressionTest1#test163', 'RegressionTest1#test159', 'RegressionTest0#test455', 'RegressionTest2#test227', 'RegressionTest1#test059', 'RegressionTest1#test459', 'RegressionTest1#test186', 'RegressionTest1#test476', 'RegressionTest2#test001', 'RegressionTest0#test416', 'RegressionTest1#test361', 'RegressionTest2#test145', 'RegressionTest1#test171', 'RegressionTest1#test405', 'RegressionTest1#test197', 'RegressionTest1#test152', 'RegressionTest0#test166', 'RegressionTest1#test354', 'RegressionTest0#test165', 'RegressionTest0#test424', 'RegressionTest1#test363', 'RegressionTest2#test062', 'RegressionTest0#test283', 'RegressionTest1#test380', 'RegressionTest0#test428', 'RegressionTest1#test228', 'RegressionTest1#test093', 'RegressionTest1#test070', 'RegressionTest2#test226', 'RegressionTest0#test349', 'RegressionTest2#test223', 'RegressionTest2#test104', 'RegressionTest2#test017', 'RegressionTest1#test112', 'RegressionTest2#test086', 'RegressionTest2#test095', 'RegressionTest1#test080', 'RegressionTest0#test474', 'RegressionTest1#test073', 'RegressionTest1#test373', 'RegressionTest1#test494', 'RegressionTest1#test390', 'RegressionTest0#test278', 'RegressionTest1#test144', 'RegressionTest0#test225', 'RegressionTest1#test281', 'RegressionTest1#test346', 'RegressionTest1#test500', 'RegressionTest1#test126', 'RegressionTest2#test019', 'RegressionTest1#test199', 'RegressionTest1#test388', 'RegressionTest1#test090', 'RegressionTest1#test427', 'RegressionTest1#test048', 'RegressionTest0#test197', 'RegressionTest2#test176', 'RegressionTest1#test283', 'RegressionTest2#test099', 'RegressionTest2#test193', 'RegressionTest2#test021', 'RegressionTest1#test365', 'RegressionTest2#test139', 'RegressionTest1#test364', 'RegressionTest0#test277', 'RegressionTest0#test447', 'RegressionTest1#test356', 'RegressionTest1#test473', 'RegressionTest0#test436', 'RegressionTest1#test377', 'RegressionTest2#test008', 'RegressionTest0#test423', 'RegressionTest1#test475', 'RegressionTest0#test356', 'RegressionTest1#test379', 'RegressionTest2#test189', 'RegressionTest2#test208', 'RegressionTest1#test202', 'RegressionTest2#test070', 'RegressionTest1#test096', 'RegressionTest1#test489', 'RegressionTest1#test442', 'RegressionTest1#test211', 'RegressionTest2#test180', 'RegressionTest1#test231', 'RegressionTest0#test223', 'RegressionTest2#test151', 'RegressionTest0#test108', 'RegressionTest2#test058', 'RegressionTest1#test487', 'RegressionTest0#test319', 'RegressionTest2#test103', 'RegressionTest0#test433', 'RegressionTest0#test336', 'RegressionTest1#test381', 'RegressionTest1#test498', 'RegressionTest2#test079', 'RegressionTest2#test165', 'RegressionTest1#test226', 'RegressionTest1#test299', 'RegressionTest1#test034', 'RegressionTest1#test422', 'RegressionTest1#test168', 'RegressionTest1#test382', 'RegressionTest1#test154', 'RegressionTest1#test385', 'RegressionTest1#test234', 'RegressionTest0#test393', 'RegressionTest1#test334', 'RegressionTest2#test050', 'RegressionTest1#test436', 'RegressionTest1#test391', 'RegressionTest0#test188', 'RegressionTest0#test365', 'RegressionTest1#test406', 'RegressionTest2#test142', 'RegressionTest1#test450', 'RegressionTest0#test391', 'RegressionTest1#test147', 'RegressionTest1#test490', 'RegressionTest1#test086', 'RegressionTest1#test248', 'RegressionTest1#test444', 'RegressionTest2#test063', 'RegressionTest0#test478', 'RegressionTest1#test062', 'RegressionTest1#test411', 'RegressionTest2#test034', 'RegressionTest0#test407', 'RegressionTest2#test175', 'RegressionTest0#test148', 'RegressionTest1#test262', 'RegressionTest2#test041', 'RegressionTest2#test239', 'RegressionTest0#test302', 'RegressionTest2#test144', 'RegressionTest0#test464', 'RegressionTest1#test348', 'RegressionTest0#test376', 'RegressionTest1#test295', 'RegressionTest0#test245', 'RegressionTest1#test353', 'RegressionTest1#test425', 'RegressionTest0#test482', 'RegressionTest1#test323', 'RegressionTest2#test245', 'RegressionTest2#test163', 'RegressionTest2#test061', 'RegressionTest1#test342', 'RegressionTest2#test014'}",/local/tmp.11144378/study-execution/nimrod-hunoroutput-test-dest/commons-lang/ac58807ede6d9a0625b489cdca6fd37bad9cacfe/randoop_3,org.apache.commons.lang.ClassUtils,getShortClassName(String)String
